{"stats":{"minecraft:crafted":{"minecraft:light_gray_bed":1,"minecraft:oak_boat":1,"minecraft:oak_planks":20,"minecraft:charcoal":9,"minecraft:cooked_porkchop":8,"minecraft:crafting_table":1,"minecraft:stick":12,"minecraft:wooden_pickaxe":1,"minecraft:stone_pickaxe":1,"minecraft:wooden_axe":1,"minecraft:furnace":1,"minecraft:acacia_planks":24,"minecraft:stone_hoe":1,"minecraft:stone_axe":1,"minecraft:air":0},"minecraft:custom":{"minecraft:time_since_rest":4506,"minecraft:interact_with_furnace":18,"minecraft:sprint_one_cm":331524,"minecraft:damage_taken":129,"minecraft:walk_one_cm":75487,"minecraft:mob_kills":33,"minecraft:damage_dealt":3395,"minecraft:interact_with_crafting_table":9,"minecraft:swim_one_cm":24357,"minecraft:talked_to_villager":3,"minecraft:fly_one_cm":229846,"minecraft:open_chest":11,"minecraft:crouch_one_cm":4049,"minecraft:play_time":43457,"minecraft:sneak_time":1201,"minecraft:walk_under_water_one_cm":2594,"minecraft:boat_one_cm":23429,"minecraft:jump":968,"minecraft:leave_game":2,"minecraft:time_since_death":43457,"minecraft:walk_on_water_one_cm":7603,"minecraft:sleep_in_bed":4,"minecraft:total_world_time":43457,"minecraft:climb_one_cm":140,"minecraft:fall_one_cm":19964},"minecraft:picked_up":{"minecraft:charcoal":8,"minecraft:crafting_table":6,"minecraft:acacia_log":27,"minecraft:porkchop":51,"minecraft:oak_log":5,"minecraft:acacia_door":2,"minecraft:light_gray_bed":3,"minecraft:wheat_seeds":2,"minecraft:hay_block":101,"minecraft:oak_boat":1,"minecraft:light_gray_wool":4,"minecraft:black_wool":1,"minecraft:mutton":8,"minecraft:white_wool":2,"minecraft:cobblestone":38,"minecraft:furnace":1,"minecraft:egg":1},"minecraft:mined":{"minecraft:hay_block":102,"minecraft:furnace":1,"minecraft:crafting_table":6,"minecraft:short_grass":16,"minecraft:acacia_log":28,"minecraft:oak_log":5,"minecraft:light_gray_bed":3,"minecraft:acacia_door":2,"minecraft:stone":38},"minecraft:killed":{"minecraft:sheep":7,"minecraft:pig":25,"minecraft:villager":1},"minecraft:used":{"minecraft:golden_boots":1,"minecraft:wooden_axe":17,"minecraft:acacia_door":2,"minecraft:oak_planks":6,"minecraft:stone_pickaxe":25,"minecraft:wooden_pickaxe":14,"minecraft:stone_hoe":105,"minecraft:stone_axe":77,"minecraft:crafting_table":6,"minecraft:furnace":1,"minecraft:cooked_porkchop":8,"minecraft:egg":1,"minecraft:oak_boat":1,"minecraft:light_gray_bed":4}},"DataVersion":3953}