{"stats":{"minecraft:crafted":{"minecraft:furnace":1,"minecraft:acacia_planks":24,"minecraft:charcoal":9,"minecraft:cooked_porkchop":5,"minecraft:stone_axe":1,"minecraft:crafting_table":1,"minecraft:stick":8,"minecraft:air":0,"minecraft:wooden_pickaxe":1,"minecraft:stone_pickaxe":1,"minecraft:wooden_axe":1},"minecraft:custom":{"minecraft:time_since_rest":8062,"minecraft:interact_with_furnace":11,"minecraft:crouch_one_cm":921,"minecraft:play_time":8062,"minecraft:sprint_one_cm":27491,"minecraft:damage_taken":80,"minecraft:walk_one_cm":10482,"minecraft:sneak_time":504,"minecraft:walk_under_water_one_cm":75,"minecraft:mob_kills":3,"minecraft:jump":110,"minecraft:damage_dealt":300,"minecraft:time_since_death":8062,"minecraft:walk_on_water_one_cm":55,"minecraft:total_world_time":8062,"minecraft:fall_one_cm":2819,"minecraft:swim_one_cm":636,"minecraft:interact_with_crafting_table":6,"minecraft:fly_one_cm":20419},"minecraft:picked_up":{"minecraft:crafting_table":2,"minecraft:acacia_log":26,"minecraft:porkchop":8,"minecraft:cobblestone":38},"minecraft:mined":{"minecraft:acacia_log":28,"minecraft:stone":38,"minecraft:crafting_table":2},"minecraft:killed":{"minecraft:pig":3},"minecraft:used":{"minecraft:stone_axe":12,"minecraft:wooden_axe":17,"minecraft:crafting_table":3,"minecraft:cooked_porkchop":2,"minecraft:furnace":1,"minecraft:stone_pickaxe":24,"minecraft:wooden_pickaxe":14}},"DataVersion":3953}