{"stats":{"minecraft:crafted":{"minecraft:light_gray_bed":1,"minecraft:charcoal":9,"minecraft:cooked_porkchop":8,"minecraft:crafting_table":1,"minecraft:stick":8,"minecraft:wooden_pickaxe":1,"minecraft:stone_pickaxe":1,"minecraft:wooden_axe":1,"minecraft:furnace":1,"minecraft:acacia_planks":24,"minecraft:stone_axe":1,"minecraft:air":0},"minecraft:custom":{"minecraft:time_since_rest":9713,"minecraft:interact_with_furnace":18,"minecraft:sprint_one_cm":161282,"minecraft:damage_taken":109,"minecraft:walk_one_cm":35510,"minecraft:mob_kills":32,"minecraft:damage_dealt":3195,"minecraft:swim_one_cm":9627,"minecraft:interact_with_crafting_table":7,"minecraft:fly_one_cm":85587,"minecraft:crouch_one_cm":931,"minecraft:play_time":20062,"minecraft:sneak_time":577,"minecraft:walk_under_water_one_cm":471,"minecraft:jump":422,"minecraft:walk_on_water_one_cm":3849,"minecraft:time_since_death":20062,"minecraft:sleep_in_bed":2,"minecraft:total_world_time":20062,"minecraft:fall_one_cm":7175},"minecraft:mined":{"minecraft:furnace":1,"minecraft:crafting_table":4,"minecraft:short_grass":8,"minecraft:acacia_log":28,"minecraft:light_gray_bed":2,"minecraft:stone":38},"minecraft:picked_up":{"minecraft:charcoal":8,"minecraft:crafting_table":4,"minecraft:acacia_log":27,"minecraft:porkchop":51,"minecraft:light_gray_bed":2,"minecraft:light_gray_wool":4,"minecraft:black_wool":1,"minecraft:mutton":8,"minecraft:egg":1,"minecraft:white_wool":2,"minecraft:cobblestone":38,"minecraft:furnace":1},"minecraft:killed":{"minecraft:sheep":7,"minecraft:pig":25},"minecraft:used":{"minecraft:wooden_axe":17,"minecraft:stone_pickaxe":25,"minecraft:wooden_pickaxe":14,"minecraft:stone_axe":63,"minecraft:crafting_table":4,"minecraft:furnace":1,"minecraft:cooked_porkchop":4,"minecraft:egg":1,"minecraft:light_gray_bed":2}},"DataVersion":3953}