{"stats":{"minecraft:crafted":{"minecraft:light_gray_bed":1,"minecraft:oak_boat":1,"minecraft:oak_planks":20,"minecraft:charcoal":9,"minecraft:cooked_porkchop":8,"minecraft:crafting_table":1,"minecraft:stick":8,"minecraft:wooden_pickaxe":1,"minecraft:stone_pickaxe":1,"minecraft:wooden_axe":1,"minecraft:furnace":1,"minecraft:acacia_planks":24,"minecraft:stone_axe":1,"minecraft:air":0},"minecraft:custom":{"minecraft:time_since_rest":7725,"minecraft:interact_with_furnace":18,"minecraft:sprint_one_cm":259954,"minecraft:damage_taken":129,"minecraft:walk_one_cm":51577,"minecraft:mob_kills":32,"minecraft:damage_dealt":3195,"minecraft:talked_to_villager":2,"minecraft:swim_one_cm":24357,"minecraft:interact_with_crafting_table":8,"minecraft:fly_one_cm":174441,"minecraft:open_chest":3,"minecraft:crouch_one_cm":936,"minecraft:play_time":32062,"minecraft:sneak_time":638,"minecraft:walk_under_water_one_cm":2594,"minecraft:boat_one_cm":23429,"minecraft:jump":754,"minecraft:walk_on_water_one_cm":7559,"minecraft:time_since_death":32062,"minecraft:sleep_in_bed":3,"minecraft:climb_one_cm":140,"minecraft:total_world_time":32062,"minecraft:fall_one_cm":14443},"minecraft:mined":{"minecraft:furnace":1,"minecraft:crafting_table":5,"minecraft:short_grass":8,"minecraft:acacia_log":28,"minecraft:oak_log":5,"minecraft:acacia_door":2,"minecraft:light_gray_bed":3,"minecraft:stone":38},"minecraft:picked_up":{"minecraft:charcoal":8,"minecraft:crafting_table":5,"minecraft:acacia_log":27,"minecraft:porkchop":51,"minecraft:oak_log":5,"minecraft:acacia_door":2,"minecraft:light_gray_bed":3,"minecraft:oak_boat":1,"minecraft:light_gray_wool":4,"minecraft:black_wool":1,"minecraft:mutton":8,"minecraft:egg":1,"minecraft:white_wool":2,"minecraft:cobblestone":38,"minecraft:furnace":1},"minecraft:killed":{"minecraft:sheep":7,"minecraft:pig":25},"minecraft:used":{"minecraft:golden_boots":1,"minecraft:wooden_axe":17,"minecraft:oak_planks":4,"minecraft:stone_pickaxe":25,"minecraft:wooden_pickaxe":14,"minecraft:stone_axe":71,"minecraft:crafting_table":5,"minecraft:furnace":1,"minecraft:cooked_porkchop":7,"minecraft:oak_boat":1,"minecraft:egg":1,"minecraft:light_gray_bed":3}},"DataVersion":3953}