{"stats":{"minecraft:custom":{"minecraft:animals_bred":99,"minecraft:interact_with_crafting_table":176,"minecraft:open_shulker_box":69,"minecraft:bell_ring":18,"minecraft:leave_game":8,"minecraft:time_since_death":872680,"minecraft:sprint_one_cm":2555062,"minecraft:damage_blocked_by_shield":2207,"minecraft:drop":373,"minecraft:talked_to_villager":814,"minecraft:play_time":1174562,"minecraft:deaths":3,"minecraft:jump":16794,"minecraft:interact_with_brewingstand":1,"minecraft:walk_on_water_one_cm":64765,"minecraft:interact_with_furnace":73,"minecraft:traded_with_villager":398,"minecraft:sleep_in_bed":51,"minecraft:open_enderchest":16,"minecraft:damage_dealt":107021,"minecraft:crouch_one_cm":161677,"minecraft:interact_with_smoker":27,"minecraft:interact_with_smithing_table":2,"minecraft:horse_one_cm":116,"minecraft:interact_with_anvil":10,"minecraft:mob_kills":407,"minecraft:climb_one_cm":5904,"minecraft:walk_one_cm":3357818,"minecraft:sneak_time":50241,"minecraft:walk_under_water_one_cm":46196,"minecraft:boat_one_cm":415806,"minecraft:interact_with_blast_furnace":26,"minecraft:total_world_time":1174602,"minecraft:time_since_rest":7458,"minecraft:damage_taken":12232,"minecraft:swim_one_cm":44413,"minecraft:fly_one_cm":3635261,"minecraft:open_chest":421,"minecraft:aviate_one_cm":1505164,"minecraft:fish_caught":2,"minecraft:fall_one_cm":455690},"minecraft:crafted":{"minecraft:smooth_stone":13,"minecraft:oak_planks":4948,"minecraft:cobblestone_slab":192,"minecraft:oak_sign":5,"minecraft:blaze_powder":20,"minecraft:cobblestone_stairs":296,"minecraft:stone":13,"minecraft:bookshelf":6,"minecraft:shulker_box":4,"minecraft:cooked_mutton":4,"minecraft:iron_bars":16,"minecraft:bow":1,"minecraft:diamond_leggings":1,"minecraft:iron_boots":1,"minecraft:chest":16,"minecraft:rail":16,"minecraft:dried_kelp_block":13,"minecraft:stone_hoe":2,"minecraft:ender_eye":15,"minecraft:golden_boots":1,"minecraft:smoker":2,"minecraft:oak_slab":24,"minecraft:emerald":298,"minecraft:cooked_porkchop":17,"minecraft:diamond_axe":1,"minecraft:crafting_table":6,"minecraft:iron_helmet":3,"minecraft:wooden_pickaxe":1,"minecraft:baked_potato":188,"minecraft:smithing_table":2,"minecraft:fletching_table":5,"minecraft:lectern":6,"minecraft:iron_chestplate":1,"minecraft:book":24,"minecraft:paper":231,"minecraft:diamond_pickaxe":2,"minecraft:shield":1,"minecraft:stick":9572,"minecraft:iron_ingot":241,"minecraft:iron_pickaxe":13,"minecraft:iron_block":16,"minecraft:gold_ingot":225,"minecraft:shears":5,"minecraft:raw_iron":18,"minecraft:stone_shovel":35,"minecraft:fishing_rod":1,"minecraft:furnace":8,"minecraft:blast_furnace":2,"minecraft:bone_meal":6,"minecraft:oak_trapdoor":8,"minecraft:diamond_block":15,"minecraft:flint_and_steel":2,"minecraft:diamond":9,"minecraft:iron_axe":3,"minecraft:cobblestone_wall":192,"minecraft:stone_pickaxe":6,"minecraft:diamond_boots":1,"minecraft:minecart":1,"minecraft:wheat":351,"minecraft:cooked_beef":40,"minecraft:diamond_sword":1,"minecraft:enchanting_table":1,"minecraft:dried_kelp":128,"minecraft:iron_sword":3,"minecraft:bucket":5,"minecraft:stone_axe":56,"minecraft:glowstone":22,"minecraft:enchanted_book":4,"minecraft:air":0,"minecraft:bread":61,"minecraft:acacia_boat":1,"minecraft:oak_boat":2,"minecraft:white_wool":16,"minecraft:wooden_axe":1,"minecraft:iron_shovel":1,"minecraft:iron_leggings":1,"minecraft:anvil":1,"minecraft:white_bed":8,"minecraft:acacia_planks":168,"minecraft:torch":396,"minecraft:lapis_block":28,"minecraft:diamond_chestplate":1,"minecraft:firework_rocket":78},"minecraft:mined":{"minecraft:dragon_wall_head":1,"minecraft:white_bed":15,"minecraft:stone_pressure_plate":2,"minecraft:oak_sapling":7,"minecraft:farmland":2,"minecraft:cobblestone_stairs":3,"minecraft:obsidian":45,"minecraft:granite":49,"minecraft:acacia_log":42,"minecraft:grass_block":170,"minecraft:soul_soil":14,"minecraft:purpur_slab":2,"minecraft:composter":3,"minecraft:crimson_fungus":1,"minecraft:spawner":4,"minecraft:chorus_flower":1,"minecraft:weeping_vines_plant":2,"minecraft:tall_seagrass":10,"minecraft:raw_iron_block":2,"minecraft:glowstone":30,"minecraft:iron_ore":72,"minecraft:cobbled_deepslate":2,"minecraft:fire":67,"minecraft:anvil":1,"minecraft:deepslate_lapis_ore":23,"minecraft:azure_bluet":3,"minecraft:oak_sign":1,"minecraft:dirt_path":202,"minecraft:oak_stairs":51,"minecraft:end_stone_bricks":11,"minecraft:deepslate_redstone_ore":3,"minecraft:cut_sandstone":10,"minecraft:kelp_plant":31,"minecraft:crimson_nylium":43,"minecraft:soul_fire":25,"minecraft:purpur_stairs":3,"minecraft:torch":1,"minecraft:blast_furnace":4,"minecraft:calcite":2,"minecraft:poppy":1,"minecraft:melon":11,"minecraft:chest":4,"minecraft:nether_quartz_ore":51,"minecraft:cobblestone":153,"minecraft:oak_planks":36,"minecraft:sugar_cane":307,"minecraft:iron_door":6,"minecraft:wall_torch":5,"minecraft:amethyst_block":1,"minecraft:deepslate_copper_ore":2,"minecraft:seagrass":40,"minecraft:nether_wart_block":2,"minecraft:wheat":47,"minecraft:stripped_oak_wood":2,"minecraft:tnt":9,"minecraft:purpur_block":19,"minecraft:oak_log":1221,"minecraft:beetroots":6,"minecraft:sand":34,"minecraft:dirt":306,"minecraft:smooth_basalt":3,"minecraft:stonecutter":1,"minecraft:netherrack":1090,"minecraft:oak_leaves":1107,"minecraft:deepslate":219,"minecraft:yellow_terracotta":1,"minecraft:nether_gold_ore":183,"minecraft:tuff":26,"minecraft:mossy_cobblestone":12,"minecraft:deepslate_diamond_ore":93,"minecraft:oak_door":2,"minecraft:end_stone":1154,"minecraft:shulker_box":12,"minecraft:nether_bricks":15,"minecraft:crimson_roots":10,"minecraft:kelp":3,"minecraft:sandstone":85,"minecraft:hay_block":52,"minecraft:oak_trapdoor":8,"minecraft:furnace":6,"minecraft:carrots":50,"minecraft:chiseled_sandstone":2,"minecraft:andesite":52,"minecraft:gold_block":16,"minecraft:bell":1,"minecraft:nether_brick_fence":1,"minecraft:potatoes":114,"minecraft:deepslate_iron_ore":133,"minecraft:vine":2,"minecraft:stripped_oak_log":64,"minecraft:chorus_plant":9,"minecraft:stone":2887,"minecraft:ender_chest":2,"minecraft:smithing_table":1,"minecraft:acacia_leaves":3,"minecraft:glass_pane":9,"minecraft:soul_sand":35,"minecraft:magenta_stained_glass":1,"minecraft:dandelion":7,"minecraft:crafting_table":30,"minecraft:short_grass":155,"minecraft:sculk_sensor":1,"minecraft:lectern":595,"minecraft:copper_ore":5,"minecraft:purpur_pillar":3,"minecraft:tall_grass":12,"minecraft:lapis_ore":1,"minecraft:deepslate_gold_ore":15,"minecraft:diorite":25,"minecraft:yellow_bed":16,"minecraft:coal_ore":248,"minecraft:end_rod":15,"minecraft:gravel":129,"minecraft:cobweb":6,"minecraft:cracked_stone_bricks":2,"minecraft:stone_bricks":7,"minecraft:mossy_stone_bricks":8},"minecraft:picked_up":{"minecraft:wooden_axe":1,"minecraft:wheat":21,"minecraft:anvil":1,"minecraft:smithing_table":1,"minecraft:lead":3,"minecraft:oak_stairs":51,"minecraft:potion":11,"minecraft:enchanted_book":6,"minecraft:nether_brick":105,"minecraft:amethyst_block":1,"minecraft:string":76,"minecraft:raw_copper":20,"minecraft:soul_soil":13,"minecraft:pufferfish":1,"minecraft:oak_sign":1,"minecraft:beetroot":5,"minecraft:diamond_leggings":3,"minecraft:gold_nugget":728,"minecraft:cobbled_deepslate":205,"minecraft:calcite":5,"minecraft:ender_eye":9,"minecraft:melon_slice":57,"minecraft:furnace":6,"minecraft:iron_boots":5,"minecraft:stick":406,"minecraft:composter":3,"minecraft:torch":21,"minecraft:acacia_log":42,"minecraft:purpur_pillar":3,"minecraft:porkchop":59,"minecraft:diorite":24,"minecraft:rotten_flesh":46,"minecraft:end_rod":14,"minecraft:chorus_flower":1,"minecraft:blaze_rod":10,"minecraft:obsidian":88,"minecraft:cod":1,"minecraft:cobblestone":2803,"minecraft:feather":1,"minecraft:cooked_beef":40,"minecraft:iron_door":3,"minecraft:water_bucket":3,"minecraft:andesite":29,"minecraft:potato":403,"minecraft:flint":12,"minecraft:tuff":31,"minecraft:acacia_boat":61,"minecraft:lapis_lazuli":281,"minecraft:dirt":669,"minecraft:bone":49,"minecraft:bow":6,"minecraft:stonecutter":1,"minecraft:wheat_seeds":102,"minecraft:raw_gold":36,"minecraft:bell":1,"minecraft:glowstone_dust":94,"minecraft:mossy_stone_bricks":1,"minecraft:oak_planks":34,"minecraft:cooked_porkchop":2,"minecraft:poisonous_potato":4,"minecraft:sand":31,"minecraft:spectral_arrow":336,"minecraft:chiseled_sandstone":1,"minecraft:shulker_box":12,"minecraft:mossy_cobblestone":12,"minecraft:diamond":165,"minecraft:granite":64,"minecraft:oak_leaves":696,"minecraft:emerald":4,"minecraft:bread":4,"minecraft:oak_sapling":242,"minecraft:netherrack":1063,"minecraft:chorus_fruit":69,"minecraft:crimson_roots":10,"minecraft:diamond_pickaxe":4,"minecraft:end_stone_bricks":11,"minecraft:crafting_table":30,"minecraft:azure_bluet":3,"minecraft:ominous_bottle":1,"minecraft:splash_potion":4,"minecraft:chicken":1,"minecraft:gold_block":16,"minecraft:dragon_head":1,"minecraft:purpur_block":13,"minecraft:shield":3,"minecraft:oak_trapdoor":8,"minecraft:elytra":1,"minecraft:iron_shovel":3,"minecraft:blackstone":286,"minecraft:beef":106,"minecraft:oak_boat":35,"minecraft:iron_nugget":147,"minecraft:poppy":19,"minecraft:light_gray_wool":1,"minecraft:lectern":595,"minecraft:sugar_cane":445,"minecraft:chest":4,"minecraft:egg":1,"minecraft:raw_iron":341,"minecraft:sandstone":35,"minecraft:end_stone":1225,"minecraft:oak_door":5,"minecraft:fire_charge":16,"minecraft:carrot":151,"minecraft:redstone":17,"minecraft:stone_pressure_plate":2,"minecraft:tnt":9,"minecraft:arrow":32,"minecraft:weeping_vines":1,"minecraft:diamond_chestplate":3,"minecraft:beetroot_seeds":12,"minecraft:nether_bricks":15,"minecraft:diamond_boots":3,"minecraft:purpur_slab":2,"minecraft:hay_block":52,"minecraft:yellow_terracotta":1,"minecraft:gold_ingot":59,"minecraft:mutton":12,"minecraft:white_wool":40,"minecraft:oxeye_daisy":1,"minecraft:stripped_oak_log":63,"minecraft:cut_sandstone":9,"minecraft:leather":104,"minecraft:crimson_fungus":2,"minecraft:purpur_stairs":3,"minecraft:oak_log":1206,"minecraft:yellow_bed":16,"minecraft:golden_boots":2,"minecraft:nether_wart_block":1,"minecraft:gunpowder":1,"minecraft:cobblestone_stairs":3,"minecraft:white_banner":1,"minecraft:apple":25,"minecraft:stone_bricks":2,"minecraft:kelp":295,"minecraft:iron_ingot":67,"minecraft:stone_pickaxe":1,"minecraft:stripped_oak_wood":2,"minecraft:iron_sword":4,"minecraft:soul_sand":92,"minecraft:book":1,"minecraft:smooth_basalt":3,"minecraft:quartz":161,"minecraft:dandelion":9,"minecraft:raw_iron_block":2,"minecraft:gravel":444,"minecraft:blast_furnace":4,"minecraft:white_bed":20,"minecraft:crying_obsidian":31,"minecraft:spider_eye":3,"minecraft:dragon_egg":1,"minecraft:stone_axe":8,"minecraft:iron_helmet":5,"minecraft:baked_potato":1,"minecraft:coal":541,"minecraft:ender_pearl":71,"minecraft:shulker_shell":23},"minecraft:killed_by":{"minecraft:ender_dragon":1},"minecraft:broken":{"minecraft:iron_shovel":1,"minecraft:shears":3,"minecraft:stone_pickaxe":3,"minecraft:stone_axe":4,"minecraft:iron_sword":2,"minecraft:stone_shovel":4,"minecraft:stone_hoe":1,"minecraft:iron_axe":3,"minecraft:iron_pickaxe":9,"minecraft:iron_helmet":1},"minecraft:dropped":{"minecraft:iron_sword":2,"minecraft:soul_sand":68,"minecraft:porkchop":37,"minecraft:ender_pearl":4,"minecraft:diamond":2,"minecraft:weeping_vines":1,"minecraft:leather":28,"minecraft:iron_horse_armor":1,"minecraft:purpur_stairs":3,"minecraft:dirt":8,"minecraft:mutton":1,"minecraft:crimson_roots":7,"minecraft:cut_sandstone":9,"minecraft:gold_nugget":2,"minecraft:sand":22,"minecraft:iron_pickaxe":2,"minecraft:white_wool":3,"minecraft:gold_ingot":293,"minecraft:bone":25,"minecraft:oak_door":1,"minecraft:gravel":336,"minecraft:crimson_fungus":2,"minecraft:stone_axe":60,"minecraft:blackstone":282,"minecraft:purpur_block":9,"minecraft:iron_nugget":2,"minecraft:cobbled_deepslate":2,"minecraft:nether_brick":105,"minecraft:obsidian":11,"minecraft:rotten_flesh":38,"minecraft:carrot":1,"minecraft:arrow":3,"minecraft:end_stone_bricks":5,"minecraft:quartz":75,"minecraft:netherrack":72,"minecraft:enchanted_book":1,"minecraft:golden_boots":3,"minecraft:bread":65,"minecraft:wheat_seeds":12,"minecraft:poisonous_potato":2,"minecraft:purpur_slab":2,"minecraft:iron_helmet":5,"minecraft:cobblestone":46,"minecraft:amethyst_block":1,"minecraft:granite":64,"minecraft:coal":4,"minecraft:stick":330,"minecraft:diorite":24,"minecraft:wooden_axe":2,"minecraft:nether_wart_block":1,"minecraft:melon_slice":1,"minecraft:potion":5,"minecraft:fire_charge":16,"minecraft:iron_leggings":1,"minecraft:string":7,"minecraft:bucket":1,"minecraft:chiseled_sandstone":1,"minecraft:smooth_basalt":3,"minecraft:soul_soil":5,"minecraft:raw_copper":3,"minecraft:tuff":31,"minecraft:stone_shovel":31,"minecraft:iron_boots":6,"minecraft:nether_bricks":15,"minecraft:diamond_pickaxe":1,"minecraft:iron_chestplate":1,"minecraft:andesite":22,"minecraft:mossy_stone_bricks":1,"minecraft:oak_sapling":2,"minecraft:spider_eye":2,"minecraft:stone_bricks":2,"minecraft:sandstone":14,"minecraft:stone_pickaxe":4,"minecraft:wooden_pickaxe":1,"minecraft:calcite":5},"minecraft:killed":{"minecraft:cave_spider":1,"minecraft:zombified_piglin":1,"minecraft:spider":14,"minecraft:shulker":48,"minecraft:skeleton":39,"minecraft:chicken":1,"minecraft:silverfish":1,"minecraft:piglin":4,"minecraft:pig":10,"minecraft:iron_golem":14,"minecraft:ender_dragon":1,"minecraft:creeper":2,"minecraft:sheep":16,"minecraft:trader_llama":3,"minecraft:pillager":2,"minecraft:zombie":45,"minecraft:ghast":1,"minecraft:blaze":26,"minecraft:cow":57,"minecraft:wandering_trader":2,"minecraft:hoglin":13,"minecraft:wither_skeleton":10,"minecraft:villager":4,"minecraft:enderman":82},"minecraft:used":{"minecraft:iron_shovel":250,"minecraft:oak_sign":1,"minecraft:elytra":10,"minecraft:poppy":4,"minecraft:chest":11,"minecraft:shield":53,"minecraft:iron_sword":715,"minecraft:bell":1,"minecraft:carrot":90,"minecraft:obsidian":58,"minecraft:lava_bucket":4,"minecraft:iron_helmet":2,"minecraft:bow":83,"minecraft:oak_sapling":203,"minecraft:furnace":10,"minecraft:potato":215,"minecraft:golden_boots":4,"minecraft:diamond_boots":8,"minecraft:end_stone_bricks":4,"minecraft:chorus_fruit":20,"minecraft:stone_pickaxe":485,"minecraft:ender_pearl":44,"minecraft:blackstone":17,"minecraft:wooden_pickaxe":15,"minecraft:sandstone":12,"minecraft:sugar_cane":131,"minecraft:diamond_axe":1237,"minecraft:glow_berries":9,"minecraft:sand":2,"minecraft:yellow_terracotta":1,"minecraft:blast_furnace":5,"minecraft:shears":714,"minecraft:end_stone":1137,"minecraft:firework_rocket":34,"minecraft:melon_slice":56,"minecraft:string":1,"minecraft:lectern":600,"minecraft:gravel":6,"minecraft:diamond_sword":774,"minecraft:smithing_table":3,"minecraft:oak_boat":35,"minecraft:bone_meal":6,"minecraft:purpur_block":1,"minecraft:oak_trapdoor":3,"minecraft:enchanting_table":1,"minecraft:flint_and_steel":8,"minecraft:stone_shovel":527,"minecraft:stone_hoe":165,"minecraft:netherrack":644,"minecraft:torch":179,"minecraft:dirt":635,"minecraft:anvil":2,"minecraft:shulker_box":15,"minecraft:wooden_axe":2,"minecraft:iron_axe":636,"minecraft:oak_stairs":1,"minecraft:iron_boots":4,"minecraft:diamond_chestplate":12,"minecraft:soul_soil":2,"minecraft:cooked_beef":40,"minecraft:cobbled_deepslate":139,"minecraft:acacia_planks":13,"minecraft:cooked_mutton":4,"minecraft:acacia_boat":62,"minecraft:water_bucket":19,"minecraft:baked_potato":160,"minecraft:fletching_table":5,"minecraft:mossy_cobblestone":11,"minecraft:crafting_table":34,"minecraft:white_bed":23,"minecraft:smoker":2,"minecraft:oak_log":26,"minecraft:ender_eye":24,"minecraft:diamond_pickaxe":3652,"minecraft:iron_pickaxe":2739,"minecraft:stone_axe":485,"minecraft:fishing_rod":6,"minecraft:cobblestone":450,"minecraft:cooked_porkchop":19,"minecraft:bucket":27,"minecraft:yellow_bed":15,"minecraft:diamond_leggings":5,"minecraft:splash_potion":1}},"DataVersion":3953}