{"stats":{"minecraft:custom":{"minecraft:mob_kills":50,"minecraft:interact_with_crafting_table":29,"minecraft:time_since_death":104742,"minecraft:sprint_one_cm":184798,"minecraft:walk_one_cm":277035,"minecraft:damage_blocked_by_shield":415,"minecraft:drop":33,"minecraft:play_time":104742,"minecraft:sneak_time":10988,"minecraft:walk_under_water_one_cm":13218,"minecraft:jump":1314,"minecraft:interact_with_blast_furnace":4,"minecraft:walk_on_water_one_cm":15793,"minecraft:total_world_time":104742,"minecraft:interact_with_furnace":36,"minecraft:sleep_in_bed":1,"minecraft:time_since_rest":45713,"minecraft:damage_taken":1125,"minecraft:damage_dealt":8589,"minecraft:fly_one_cm":126529,"minecraft:swim_one_cm":1229,"minecraft:crouch_one_cm":22246,"minecraft:fall_one_cm":23171},"minecraft:crafted":{"minecraft:smooth_stone":3,"minecraft:raw_iron":18,"minecraft:furnace":2,"minecraft:blast_furnace":1,"minecraft:stone":3,"minecraft:cooked_mutton":4,"minecraft:flint_and_steel":1,"minecraft:diamond_leggings":1,"minecraft:iron_boots":1,"minecraft:stone_pickaxe":6,"minecraft:diamond_boots":1,"minecraft:cooked_beef":6,"minecraft:cooked_porkchop":8,"minecraft:crafting_table":1,"minecraft:wooden_pickaxe":1,"minecraft:iron_helmet":1,"minecraft:iron_sword":1,"minecraft:bucket":2,"minecraft:stone_axe":1,"minecraft:air":0,"minecraft:iron_chestplate":1,"minecraft:diamond_pickaxe":1,"minecraft:shield":1,"minecraft:stick":28,"minecraft:iron_ingot":62,"minecraft:iron_pickaxe":2,"minecraft:wooden_axe":1,"minecraft:iron_leggings":1,"minecraft:white_bed":1,"minecraft:acacia_planks":128,"minecraft:diamond_chestplate":1},"minecraft:mined":{"minecraft:nether_gold_ore":9,"minecraft:tuff":9,"minecraft:white_bed":1,"minecraft:deepslate_diamond_ore":22,"minecraft:obsidian":26,"minecraft:granite":32,"minecraft:acacia_log":32,"minecraft:grass_block":4,"minecraft:crimson_roots":4,"minecraft:soul_soil":9,"minecraft:raw_iron_block":2,"minecraft:furnace":6,"minecraft:iron_ore":53,"minecraft:andesite":14,"minecraft:deepslate_iron_ore":74,"minecraft:stone":302,"minecraft:acacia_leaves":2,"minecraft:soul_sand":24,"minecraft:soul_fire":17,"minecraft:crafting_table":12,"minecraft:short_grass":98,"minecraft:blast_furnace":1,"minecraft:calcite":2,"minecraft:nether_quartz_ore":9,"minecraft:copper_ore":1,"minecraft:tall_grass":3,"minecraft:cobblestone":6,"minecraft:diorite":20,"minecraft:amethyst_block":1,"minecraft:coal_ore":78,"minecraft:oak_log":6,"minecraft:gravel":7,"minecraft:dirt":23,"minecraft:smooth_basalt":3,"minecraft:netherrack":340,"minecraft:deepslate":71},"minecraft:picked_up":{"minecraft:wooden_axe":1,"minecraft:crafting_table":12,"minecraft:amethyst_block":1,"minecraft:raw_copper":3,"minecraft:soul_soil":9,"minecraft:gold_nugget":38,"minecraft:cobbled_deepslate":66,"minecraft:beef":6,"minecraft:calcite":5,"minecraft:furnace":6,"minecraft:raw_iron":183,"minecraft:acacia_log":32,"minecraft:porkchop":13,"minecraft:diorite":20,"minecraft:carrot":1,"minecraft:arrow":13,"minecraft:rotten_flesh":9,"minecraft:mutton":5,"minecraft:obsidian":25,"minecraft:white_wool":4,"minecraft:cobblestone":307,"minecraft:andesite":14,"minecraft:leather":7,"minecraft:tuff":9,"minecraft:flint":1,"minecraft:oak_log":6,"minecraft:dirt":27,"minecraft:bone":16,"minecraft:bow":1,"minecraft:wheat_seeds":9,"minecraft:stone_pickaxe":1,"minecraft:iron_ingot":2,"minecraft:soul_sand":24,"minecraft:smooth_basalt":3,"minecraft:quartz":9,"minecraft:raw_iron_block":2,"minecraft:gravel":6,"minecraft:blast_furnace":1,"minecraft:white_bed":1,"minecraft:spider_eye":2,"minecraft:diamond":22,"minecraft:granite":64,"minecraft:netherrack":335,"minecraft:coal":167,"minecraft:crimson_roots":3},"minecraft:broken":{"minecraft:stone_pickaxe":3,"minecraft:iron_pickaxe":2},"minecraft:dropped":{"minecraft:wheat_seeds":9,"minecraft:cobblestone":43,"minecraft:leather":7,"minecraft:amethyst_block":1,"minecraft:granite":64,"minecraft:diorite":20,"minecraft:mutton":1,"minecraft:wooden_axe":2,"minecraft:iron_leggings":1,"minecraft:white_wool":1,"minecraft:bucket":1,"minecraft:smooth_basalt":3,"minecraft:soul_soil":1,"minecraft:cobbled_deepslate":2,"minecraft:raw_copper":3,"minecraft:tuff":9,"minecraft:rotten_flesh":9,"minecraft:iron_boots":1,"minecraft:carrot":1,"minecraft:iron_chestplate":1,"minecraft:andesite":14,"minecraft:spider_eye":2,"minecraft:wooden_pickaxe":1,"minecraft:stone_pickaxe":4,"minecraft:calcite":5},"minecraft:killed":{"minecraft:cave_spider":1,"minecraft:spider":1,"minecraft:skeleton":15,"minecraft:piglin":4,"minecraft:pig":4,"minecraft:hoglin":1,"minecraft:creeper":1,"minecraft:sheep":4,"minecraft:zombie":13,"minecraft:cow":4},"minecraft:used":{"minecraft:flint_and_steel":2,"minecraft:shield":13,"minecraft:iron_sword":105,"minecraft:netherrack":108,"minecraft:dirt":2,"minecraft:obsidian":18,"minecraft:wooden_axe":2,"minecraft:lava_bucket":4,"minecraft:soul_soil":2,"minecraft:furnace":6,"minecraft:cooked_beef":6,"minecraft:cooked_mutton":4,"minecraft:water_bucket":6,"minecraft:stone_pickaxe":485,"minecraft:wooden_pickaxe":15,"minecraft:glow_berries":9,"minecraft:crafting_table":12,"minecraft:blast_furnace":1,"minecraft:white_bed":1,"minecraft:diamond_pickaxe":88,"minecraft:iron_pickaxe":500,"minecraft:gravel":6,"minecraft:stone_axe":90,"minecraft:cobblestone":224,"minecraft:cooked_porkchop":4,"minecraft:bucket":11,"minecraft:diamond_leggings":1}},"DataVersion":3953}