{"stats":{"minecraft:custom":{"minecraft:interact_with_furnace":36,"minecraft:mob_kills":19,"minecraft:interact_with_crafting_table":25,"minecraft:time_since_death":44742,"minecraft:time_since_rest":44742,"minecraft:sprint_one_cm":82522,"minecraft:damage_taken":206,"minecraft:walk_one_cm":116123,"minecraft:damage_blocked_by_shield":64,"minecraft:drop":17,"minecraft:damage_dealt":2781,"minecraft:swim_one_cm":1229,"minecraft:fly_one_cm":29092,"minecraft:crouch_one_cm":4889,"minecraft:play_time":44742,"minecraft:sneak_time":2437,"minecraft:walk_under_water_one_cm":5350,"minecraft:jump":350,"minecraft:interact_with_blast_furnace":4,"minecraft:walk_on_water_one_cm":4479,"minecraft:total_world_time":44742,"minecraft:fall_one_cm":4416},"minecraft:crafted":{"minecraft:cooked_beef":6,"minecraft:smooth_stone":3,"minecraft:raw_iron":18,"minecraft:cooked_porkchop":8,"minecraft:crafting_table":1,"minecraft:wooden_pickaxe":1,"minecraft:iron_helmet":1,"minecraft:iron_sword":1,"minecraft:furnace":2,"minecraft:blast_furnace":1,"minecraft:stone":3,"minecraft:bucket":2,"minecraft:stone_axe":1,"minecraft:cooked_mutton":4,"minecraft:air":0,"minecraft:iron_boots":1,"minecraft:iron_chestplate":1,"minecraft:shield":1,"minecraft:stick":24,"minecraft:iron_ingot":62,"minecraft:iron_pickaxe":2,"minecraft:stone_pickaxe":6,"minecraft:wooden_axe":1,"minecraft:iron_leggings":1,"minecraft:acacia_planks":128},"minecraft:mined":{"minecraft:tuff":7,"minecraft:acacia_leaves":2,"minecraft:deepslate_diamond_ore":12,"minecraft:crafting_table":9,"minecraft:granite":32,"minecraft:short_grass":98,"minecraft:blast_furnace":1,"minecraft:acacia_log":32,"minecraft:grass_block":4,"minecraft:cobblestone":1,"minecraft:tall_grass":3,"minecraft:copper_ore":1,"minecraft:diorite":20,"minecraft:raw_iron_block":2,"minecraft:furnace":6,"minecraft:iron_ore":45,"minecraft:andesite":14,"minecraft:oak_log":6,"minecraft:coal_ore":50,"minecraft:deepslate_iron_ore":50,"minecraft:dirt":23,"minecraft:stone":293,"minecraft:deepslate":40},"minecraft:picked_up":{"minecraft:wooden_axe":1,"minecraft:crafting_table":9,"minecraft:andesite":14,"minecraft:leather":7,"minecraft:tuff":7,"minecraft:oak_log":6,"minecraft:dirt":27,"minecraft:raw_copper":3,"minecraft:wheat_seeds":9,"minecraft:cobbled_deepslate":40,"minecraft:iron_ingot":2,"minecraft:beef":6,"minecraft:stone_pickaxe":1,"minecraft:furnace":6,"minecraft:raw_iron":151,"minecraft:acacia_log":32,"minecraft:raw_iron_block":2,"minecraft:porkchop":13,"minecraft:blast_furnace":1,"minecraft:diorite":20,"minecraft:rotten_flesh":4,"minecraft:diamond":12,"minecraft:granite":64,"minecraft:mutton":5,"minecraft:coal":139,"minecraft:white_wool":4,"minecraft:cobblestone":293},"minecraft:dropped":{"minecraft:wheat_seeds":9,"minecraft:raw_copper":3,"minecraft:tuff":4,"minecraft:cobblestone":42,"minecraft:leather":7,"minecraft:granite":64,"minecraft:diorite":20,"minecraft:mutton":1,"minecraft:andesite":14,"minecraft:wooden_axe":2,"minecraft:stone_pickaxe":4,"minecraft:wooden_pickaxe":1},"minecraft:broken":{"minecraft:stone_pickaxe":3},"minecraft:killed":{"minecraft:pig":4,"minecraft:creeper":1,"minecraft:sheep":4,"minecraft:skeleton":2,"minecraft:zombie":4,"minecraft:cow":4},"minecraft:used":{"minecraft:stone_pickaxe":485,"minecraft:shield":2,"minecraft:wooden_pickaxe":15,"minecraft:iron_sword":16,"minecraft:dirt":2,"minecraft:crafting_table":9,"minecraft:blast_furnace":1,"minecraft:wooden_axe":2,"minecraft:iron_pickaxe":78,"minecraft:stone_axe":72,"minecraft:cobblestone":51,"minecraft:furnace":6,"minecraft:bucket":1,"minecraft:cooked_beef":3}},"DataVersion":3953}