{"stats":{"minecraft:broken":{"minecraft:iron_shovel":1,"minecraft:stone_pickaxe":3,"minecraft:stone_axe":1,"minecraft:iron_sword":2,"minecraft:iron_axe":1,"minecraft:iron_pickaxe":4,"minecraft:iron_helmet":1},"minecraft:killed_by":{"minecraft:ender_dragon":1},"minecraft:mined":{"minecraft:stone_pressure_plate":1,"minecraft:white_bed":15,"minecraft:cobblestone_stairs":3,"minecraft:obsidian":34,"minecraft:granite":49,"minecraft:acacia_log":42,"minecraft:grass_block":24,"minecraft:soul_soil":14,"minecraft:composter":3,"minecraft:crimson_fungus":1,"minecraft:spawner":3,"minecraft:chorus_flower":1,"minecraft:weeping_vines_plant":2,"minecraft:raw_iron_block":2,"minecraft:iron_ore":57,"minecraft:fire":62,"minecraft:anvil":1,"minecraft:azure_bluet":3,"minecraft:dirt_path":82,"minecraft:oak_stairs":50,"minecraft:end_stone_bricks":4,"minecraft:cut_sandstone":1,"minecraft:crimson_nylium":43,"minecraft:soul_fire":17,"minecraft:blast_furnace":2,"minecraft:calcite":2,"minecraft:melon":11,"minecraft:chest":3,"minecraft:nether_quartz_ore":14,"minecraft:cobblestone":114,"minecraft:oak_planks":36,"minecraft:sugar_cane":26,"minecraft:iron_door":6,"minecraft:wall_torch":3,"minecraft:amethyst_block":1,"minecraft:deepslate_copper_ore":2,"minecraft:seagrass":6,"minecraft:nether_wart_block":2,"minecraft:wheat":47,"minecraft:oak_log":92,"minecraft:beetroots":6,"minecraft:sand":25,"minecraft:dirt":28,"minecraft:smooth_basalt":3,"minecraft:stonecutter":1,"minecraft:netherrack":1079,"minecraft:deepslate":120,"minecraft:yellow_terracotta":1,"minecraft:nether_gold_ore":181,"minecraft:tuff":9,"minecraft:mossy_cobblestone":12,"minecraft:deepslate_diamond_ore":26,"minecraft:oak_door":1,"minecraft:end_stone":292,"minecraft:shulker_box":3,"minecraft:nether_bricks":15,"minecraft:crimson_roots":10,"minecraft:sandstone":73,"minecraft:hay_block":51,"minecraft:oak_trapdoor":8,"minecraft:furnace":6,"minecraft:carrots":19,"minecraft:chiseled_sandstone":1,"minecraft:andesite":38,"minecraft:gold_block":16,"minecraft:bell":1,"minecraft:nether_brick_fence":1,"minecraft:potatoes":14,"minecraft:deepslate_iron_ore":74,"minecraft:vine":2,"minecraft:stripped_oak_log":31,"minecraft:chorus_plant":7,"minecraft:stone":566,"minecraft:smithing_table":1,"minecraft:acacia_leaves":3,"minecraft:glass_pane":9,"minecraft:soul_sand":35,"minecraft:dandelion":5,"minecraft:crafting_table":27,"minecraft:short_grass":118,"minecraft:tall_grass":4,"minecraft:copper_ore":3,"minecraft:diorite":23,"minecraft:yellow_bed":9,"minecraft:coal_ore":116,"minecraft:end_rod":1,"minecraft:gravel":128,"minecraft:cobweb":6,"minecraft:cracked_stone_bricks":2,"minecraft:stone_bricks":7,"minecraft:mossy_stone_bricks":8},"minecraft:dropped":{"minecraft:iron_sword":1,"minecraft:soul_sand":68,"minecraft:porkchop":37,"minecraft:ender_pearl":4,"minecraft:weeping_vines":1,"minecraft:leather":27,"minecraft:dirt":5,"minecraft:mutton":1,"minecraft:crimson_roots":7,"minecraft:gold_nugget":2,"minecraft:sand":21,"minecraft:white_wool":3,"minecraft:gold_ingot":293,"minecraft:bone":18,"minecraft:oak_door":1,"minecraft:gravel":336,"minecraft:crimson_fungus":2,"minecraft:blackstone":282,"minecraft:iron_nugget":2,"minecraft:cobbled_deepslate":2,"minecraft:nether_brick":105,"minecraft:obsidian":11,"minecraft:rotten_flesh":10,"minecraft:carrot":1,"minecraft:quartz":75,"minecraft:netherrack":70,"minecraft:enchanted_book":1,"minecraft:bread":37,"minecraft:wheat_seeds":12,"minecraft:iron_helmet":1,"minecraft:cobblestone":43,"minecraft:amethyst_block":1,"minecraft:granite":64,"minecraft:coal":4,"minecraft:stick":10,"minecraft:diorite":22,"minecraft:nether_wart_block":1,"minecraft:wooden_axe":2,"minecraft:melon_slice":1,"minecraft:potion":5,"minecraft:fire_charge":16,"minecraft:iron_leggings":1,"minecraft:bucket":1,"minecraft:smooth_basalt":3,"minecraft:soul_soil":5,"minecraft:raw_copper":3,"minecraft:tuff":9,"minecraft:iron_boots":3,"minecraft:nether_bricks":15,"minecraft:iron_chestplate":1,"minecraft:diamond_pickaxe":1,"minecraft:andesite":14,"minecraft:mossy_stone_bricks":1,"minecraft:spider_eye":2,"minecraft:stone_bricks":2,"minecraft:sandstone":14,"minecraft:stone_pickaxe":4,"minecraft:wooden_pickaxe":1,"minecraft:calcite":5},"minecraft:killed":{"minecraft:cave_spider":1,"minecraft:zombified_piglin":1,"minecraft:spider":3,"minecraft:shulker":2,"minecraft:skeleton":27,"minecraft:chicken":1,"minecraft:silverfish":1,"minecraft:piglin":4,"minecraft:pig":10,"minecraft:ender_dragon":1,"minecraft:creeper":1,"minecraft:sheep":15,"minecraft:zombie":21,"minecraft:ghast":1,"minecraft:cow":20,"minecraft:blaze":26,"minecraft:hoglin":13,"minecraft:wither_skeleton":10,"minecraft:villager":3,"minecraft:enderman":21},"minecraft:custom":{"minecraft:interact_with_crafting_table":82,"minecraft:open_shulker_box":9,"minecraft:bell_ring":2,"minecraft:leave_game":2,"minecraft:time_since_death":120570,"minecraft:sprint_one_cm":969222,"minecraft:damage_blocked_by_shield":1104,"minecraft:drop":230,"minecraft:talked_to_villager":4,"minecraft:play_time":422452,"minecraft:deaths":3,"minecraft:jump":6073,"minecraft:walk_on_water_one_cm":29900,"minecraft:interact_with_furnace":43,"minecraft:traded_with_villager":5,"minecraft:sleep_in_bed":10,"minecraft:open_enderchest":3,"minecraft:damage_dealt":38774,"minecraft:crouch_one_cm":68952,"minecraft:interact_with_smoker":7,"minecraft:interact_with_smithing_table":1,"minecraft:mob_kills":184,"minecraft:interact_with_anvil":2,"minecraft:climb_one_cm":2990,"minecraft:walk_one_cm":1194490,"minecraft:sneak_time":25883,"minecraft:walk_under_water_one_cm":19273,"minecraft:boat_one_cm":126303,"minecraft:interact_with_blast_furnace":8,"minecraft:total_world_time":422452,"minecraft:time_since_rest":2400,"minecraft:damage_taken":7387,"minecraft:swim_one_cm":6629,"minecraft:fly_one_cm":1123308,"minecraft:open_chest":63,"minecraft:fall_one_cm":153665},"minecraft:crafted":{"minecraft:oak_planks":452,"minecraft:smooth_stone":3,"minecraft:blaze_powder":20,"minecraft:stone":3,"minecraft:cooked_mutton":4,"minecraft:shulker_box":1,"minecraft:diamond_leggings":1,"minecraft:bow":1,"minecraft:iron_boots":1,"minecraft:chest":2,"minecraft:ender_eye":15,"minecraft:golden_boots":1,"minecraft:smoker":1,"minecraft:emerald":5,"minecraft:cooked_porkchop":17,"minecraft:crafting_table":4,"minecraft:wooden_pickaxe":1,"minecraft:iron_helmet":2,"minecraft:smithing_table":1,"minecraft:fletching_table":5,"minecraft:iron_chestplate":1,"minecraft:diamond_pickaxe":1,"minecraft:shield":1,"minecraft:stick":1000,"minecraft:iron_pickaxe":4,"minecraft:iron_ingot":98,"minecraft:iron_block":3,"minecraft:gold_ingot":225,"minecraft:raw_iron":18,"minecraft:furnace":4,"minecraft:blast_furnace":1,"minecraft:flint_and_steel":1,"minecraft:iron_axe":2,"minecraft:stone_pickaxe":6,"minecraft:diamond_boots":1,"minecraft:wheat":99,"minecraft:cooked_beef":40,"minecraft:iron_sword":2,"minecraft:bucket":3,"minecraft:stone_axe":1,"minecraft:bread":33,"minecraft:acacia_boat":1,"minecraft:air":0,"minecraft:white_wool":16,"minecraft:wooden_axe":1,"minecraft:iron_shovel":1,"minecraft:iron_leggings":1,"minecraft:anvil":1,"minecraft:white_bed":8,"minecraft:acacia_planks":168,"minecraft:diamond_chestplate":1},"minecraft:used":{"minecraft:iron_shovel":250,"minecraft:chest":4,"minecraft:shield":31,"minecraft:iron_sword":526,"minecraft:bell":1,"minecraft:obsidian":48,"minecraft:lava_bucket":4,"minecraft:iron_helmet":2,"minecraft:bow":82,"minecraft:furnace":8,"minecraft:golden_boots":4,"minecraft:end_stone_bricks":4,"minecraft:diamond_boots":8,"minecraft:chorus_fruit":12,"minecraft:stone_pickaxe":485,"minecraft:blackstone":17,"minecraft:ender_pearl":14,"minecraft:wooden_pickaxe":15,"minecraft:sugar_cane":40,"minecraft:glow_berries":9,"minecraft:yellow_terracotta":1,"minecraft:blast_furnace":3,"minecraft:end_stone":301,"minecraft:melon_slice":53,"minecraft:string":1,"minecraft:gravel":6,"minecraft:smithing_table":2,"minecraft:flint_and_steel":6,"minecraft:netherrack":644,"minecraft:torch":10,"minecraft:dirt":99,"minecraft:anvil":1,"minecraft:shulker_box":4,"minecraft:wooden_axe":2,"minecraft:iron_axe":357,"minecraft:iron_boots":4,"minecraft:diamond_chestplate":2,"minecraft:soul_soil":2,"minecraft:cooked_beef":40,"minecraft:cobbled_deepslate":49,"minecraft:acacia_planks":13,"minecraft:cooked_mutton":4,"minecraft:acacia_boat":22,"minecraft:water_bucket":14,"minecraft:fletching_table":5,"minecraft:mossy_cobblestone":10,"minecraft:crafting_table":31,"minecraft:white_bed":21,"minecraft:smoker":1,"minecraft:ender_eye":24,"minecraft:diamond_pickaxe":1537,"minecraft:iron_pickaxe":1000,"minecraft:stone_axe":94,"minecraft:cobblestone":257,"minecraft:cooked_porkchop":19,"minecraft:bucket":20,"minecraft:yellow_bed":7,"minecraft:splash_potion":1,"minecraft:diamond_leggings":5},"minecraft:picked_up":{"minecraft:shulker_shell":2,"minecraft:wheat":21,"minecraft:anvil":1,"minecraft:smithing_table":1,"minecraft:oak_stairs":50,"minecraft:potion":11,"minecraft:enchanted_book":6,"minecraft:nether_brick":105,"minecraft:amethyst_block":1,"minecraft:string":68,"minecraft:raw_copper":3,"minecraft:soul_soil":13,"minecraft:beetroot":5,"minecraft:diamond_leggings":3,"minecraft:gold_nugget":728,"minecraft:cobbled_deepslate":115,"minecraft:ender_eye":9,"minecraft:calcite":5,"minecraft:melon_slice":57,"minecraft:furnace":6,"minecraft:iron_boots":3,"minecraft:stick":8,"minecraft:composter":3,"minecraft:torch":10,"minecraft:acacia_log":42,"minecraft:porkchop":59,"minecraft:diorite":22,"minecraft:rotten_flesh":13,"minecraft:end_rod":1,"minecraft:chorus_flower":1,"minecraft:blaze_rod":10,"minecraft:obsidian":61,"minecraft:cobblestone":455,"minecraft:cooked_beef":40,"minecraft:feather":1,"minecraft:water_bucket":3,"minecraft:iron_door":3,"minecraft:andesite":14,"minecraft:potato":36,"minecraft:flint":11,"minecraft:tuff":9,"minecraft:acacia_boat":22,"minecraft:dirt":129,"minecraft:bone":38,"minecraft:stonecutter":1,"minecraft:bow":5,"minecraft:wheat_seeds":97,"minecraft:bell":1,"minecraft:mossy_stone_bricks":1,"minecraft:oak_planks":34,"minecraft:cooked_porkchop":2,"minecraft:sand":21,"minecraft:spectral_arrow":336,"minecraft:shulker_box":3,"minecraft:mossy_cobblestone":12,"minecraft:diamond":26,"minecraft:granite":64,"minecraft:bread":4,"minecraft:oak_sapling":2,"minecraft:chorus_fruit":30,"minecraft:netherrack":1052,"minecraft:crimson_roots":10,"minecraft:diamond_pickaxe":4,"minecraft:end_stone_bricks":4,"minecraft:crafting_table":27,"minecraft:azure_bluet":3,"minecraft:splash_potion":4,"minecraft:chicken":1,"minecraft:gold_block":16,"minecraft:shield":3,"minecraft:oak_trapdoor":8,"minecraft:iron_shovel":3,"minecraft:blackstone":286,"minecraft:beef":40,"minecraft:iron_nugget":147,"minecraft:poppy":1,"minecraft:chest":3,"minecraft:sugar_cane":40,"minecraft:raw_iron":187,"minecraft:sandstone":23,"minecraft:end_stone":370,"minecraft:oak_door":4,"minecraft:fire_charge":16,"minecraft:carrot":41,"minecraft:stone_pressure_plate":1,"minecraft:diamond_chestplate":3,"minecraft:weeping_vines":1,"minecraft:arrow":23,"minecraft:beetroot_seeds":12,"minecraft:nether_bricks":15,"minecraft:diamond_boots":3,"minecraft:hay_block":51,"minecraft:yellow_terracotta":1,"minecraft:gold_ingot":59,"minecraft:mutton":11,"minecraft:white_wool":15,"minecraft:oxeye_daisy":1,"minecraft:stripped_oak_log":31,"minecraft:leather":62,"minecraft:crimson_fungus":2,"minecraft:oak_log":92,"minecraft:yellow_bed":9,"minecraft:nether_wart_block":1,"minecraft:cobblestone_stairs":3,"minecraft:stone_bricks":2,"minecraft:iron_ingot":2,"minecraft:stone_pickaxe":1,"minecraft:soul_sand":92,"minecraft:iron_sword":4,"minecraft:book":1,"minecraft:smooth_basalt":3,"minecraft:quartz":84,"minecraft:dandelion":7,"minecraft:raw_iron_block":2,"minecraft:gravel":444,"minecraft:blast_furnace":2,"minecraft:white_bed":19,"minecraft:crying_obsidian":31,"minecraft:dragon_egg":1,"minecraft:spider_eye":2,"minecraft:iron_helmet":4,"minecraft:coal":208,"minecraft:ender_pearl":41,"minecraft:wooden_axe":1}},"DataVersion":3953}