{"stats":{"minecraft:custom":{"minecraft:interact_with_furnace":17,"minecraft:mob_kills":17,"minecraft:interact_with_crafting_table":21,"minecraft:time_since_death":32742,"minecraft:time_since_rest":32742,"minecraft:sprint_one_cm":50595,"minecraft:damage_taken":192,"minecraft:walk_one_cm":73894,"minecraft:damage_blocked_by_shield":30,"minecraft:drop":5,"minecraft:damage_dealt":2291,"minecraft:swim_one_cm":1229,"minecraft:fly_one_cm":21226,"minecraft:crouch_one_cm":4550,"minecraft:play_time":32742,"minecraft:sneak_time":2034,"minecraft:walk_under_water_one_cm":5350,"minecraft:jump":233,"minecraft:walk_on_water_one_cm":2801,"minecraft:total_world_time":32742,"minecraft:fall_one_cm":2922},"minecraft:crafted":{"minecraft:cooked_beef":6,"minecraft:cooked_porkchop":3,"minecraft:crafting_table":1,"minecraft:wooden_pickaxe":1,"minecraft:iron_helmet":1,"minecraft:iron_sword":1,"minecraft:furnace":2,"minecraft:bucket":1,"minecraft:stone_axe":1,"minecraft:air":0,"minecraft:iron_boots":1,"minecraft:iron_chestplate":1,"minecraft:shield":1,"minecraft:stick":24,"minecraft:iron_ingot":37,"minecraft:iron_pickaxe":2,"minecraft:stone_pickaxe":6,"minecraft:wooden_axe":1,"minecraft:iron_leggings":1,"minecraft:acacia_planks":128},"minecraft:mined":{"minecraft:tuff":1,"minecraft:acacia_leaves":2,"minecraft:crafting_table":8,"minecraft:granite":32,"minecraft:short_grass":98,"minecraft:acacia_log":32,"minecraft:grass_block":4,"minecraft:cobblestone":1,"minecraft:tall_grass":3,"minecraft:copper_ore":1,"minecraft:diorite":20,"minecraft:furnace":4,"minecraft:iron_ore":45,"minecraft:andesite":14,"minecraft:oak_log":6,"minecraft:coal_ore":50,"minecraft:deepslate_iron_ore":5,"minecraft:dirt":23,"minecraft:stone":293,"minecraft:deepslate":26},"minecraft:picked_up":{"minecraft:wooden_axe":1,"minecraft:crafting_table":8,"minecraft:andesite":14,"minecraft:leather":7,"minecraft:tuff":1,"minecraft:oak_log":6,"minecraft:dirt":27,"minecraft:raw_copper":3,"minecraft:wheat_seeds":9,"minecraft:cobbled_deepslate":26,"minecraft:iron_ingot":1,"minecraft:beef":6,"minecraft:stone_pickaxe":1,"minecraft:furnace":4,"minecraft:raw_iron":57,"minecraft:acacia_log":32,"minecraft:porkchop":13,"minecraft:diorite":20,"minecraft:rotten_flesh":3,"minecraft:granite":32,"minecraft:mutton":5,"minecraft:coal":83,"minecraft:white_wool":4,"minecraft:cobblestone":293},"minecraft:dropped":{"minecraft:mutton":1,"minecraft:wooden_axe":2,"minecraft:stone_pickaxe":1,"minecraft:wooden_pickaxe":1},"minecraft:broken":{"minecraft:stone_pickaxe":3},"minecraft:killed":{"minecraft:pig":4,"minecraft:creeper":1,"minecraft:sheep":4,"minecraft:skeleton":1,"minecraft:zombie":3,"minecraft:cow":4},"minecraft:used":{"minecraft:stone_pickaxe":481,"minecraft:shield":1,"minecraft:wooden_pickaxe":15,"minecraft:iron_sword":11,"minecraft:dirt":2,"minecraft:crafting_table":8,"minecraft:wooden_axe":2,"minecraft:stone_axe":68,"minecraft:cobblestone":44,"minecraft:furnace":4,"minecraft:cooked_beef":2}},"DataVersion":3953}