{"stats":{"minecraft:custom":{"minecraft:time_since_rest":20742,"minecraft:interact_with_furnace":6,"minecraft:sprint_one_cm":34924,"minecraft:damage_taken":50,"minecraft:walk_one_cm":49244,"minecraft:mob_kills":14,"minecraft:drop":5,"minecraft:damage_dealt":1701,"minecraft:swim_one_cm":1229,"minecraft:interact_with_crafting_table":13,"minecraft:fly_one_cm":17022,"minecraft:crouch_one_cm":1778,"minecraft:play_time":20742,"minecraft:sneak_time":695,"minecraft:walk_under_water_one_cm":5350,"minecraft:jump":164,"minecraft:walk_on_water_one_cm":2801,"minecraft:time_since_death":20742,"minecraft:total_world_time":20742,"minecraft:fall_one_cm":1984},"minecraft:crafted":{"minecraft:cooked_beef":6,"minecraft:cooked_porkchop":3,"minecraft:shield":1,"minecraft:crafting_table":1,"minecraft:stick":20,"minecraft:iron_ingot":4,"minecraft:wooden_pickaxe":1,"minecraft:stone_pickaxe":6,"minecraft:wooden_axe":1,"minecraft:iron_sword":1,"minecraft:furnace":2,"minecraft:acacia_planks":64,"minecraft:stone_axe":1,"minecraft:air":0},"minecraft:mined":{"minecraft:acacia_leaves":2,"minecraft:furnace":2,"minecraft:iron_ore":20,"minecraft:andesite":13,"minecraft:crafting_table":6,"minecraft:granite":26,"minecraft:short_grass":98,"minecraft:acacia_log":32,"minecraft:coal_ore":9,"minecraft:grass_block":4,"minecraft:oak_log":6,"minecraft:deepslate_iron_ore":1,"minecraft:dirt":23,"minecraft:copper_ore":1,"minecraft:tall_grass":3,"minecraft:cobblestone":1,"minecraft:stone":222,"minecraft:deepslate":25,"minecraft:diorite":7},"minecraft:picked_up":{"minecraft:wooden_axe":1,"minecraft:raw_iron":21,"minecraft:crafting_table":6,"minecraft:andesite":13,"minecraft:leather":7,"minecraft:acacia_log":32,"minecraft:porkchop":13,"minecraft:oak_log":6,"minecraft:diorite":7,"minecraft:dirt":27,"minecraft:raw_copper":3,"minecraft:wheat_seeds":9,"minecraft:cobbled_deepslate":25,"minecraft:stone_pickaxe":1,"minecraft:granite":26,"minecraft:beef":6,"minecraft:mutton":5,"minecraft:coal":16,"minecraft:white_wool":4,"minecraft:cobblestone":221,"minecraft:furnace":2},"minecraft:broken":{"minecraft:stone_pickaxe":2},"minecraft:dropped":{"minecraft:mutton":1,"minecraft:wooden_axe":2,"minecraft:wooden_pickaxe":1,"minecraft:stone_pickaxe":1},"minecraft:killed":{"minecraft:sheep":4,"minecraft:zombie":1,"minecraft:pig":4,"minecraft:creeper":1,"minecraft:cow":4},"minecraft:used":{"minecraft:wooden_axe":2,"minecraft:stone_pickaxe":316,"minecraft:wooden_pickaxe":15,"minecraft:stone_axe":66,"minecraft:dirt":2,"minecraft:cobblestone":22,"minecraft:crafting_table":6,"minecraft:furnace":2,"minecraft:cooked_beef":1}},"DataVersion":3953}