{"stats":{"minecraft:custom":{"minecraft:interact_with_anvil":2,"minecraft:mob_kills":153,"minecraft:interact_with_crafting_table":67,"minecraft:leave_game":1,"minecraft:time_since_death":12236,"minecraft:climb_one_cm":2074,"minecraft:sprint_one_cm":633264,"minecraft:walk_one_cm":916734,"minecraft:damage_blocked_by_shield":1104,"minecraft:drop":224,"minecraft:play_time":314118,"minecraft:sneak_time":18703,"minecraft:deaths":3,"minecraft:walk_under_water_one_cm":16744,"minecraft:jump":4076,"minecraft:interact_with_blast_furnace":8,"minecraft:walk_on_water_one_cm":20075,"minecraft:total_world_time":314118,"minecraft:interact_with_furnace":36,"minecraft:sleep_in_bed":4,"minecraft:time_since_rest":19593,"minecraft:damage_taken":6225,"minecraft:damage_dealt":28090,"minecraft:swim_one_cm":6629,"minecraft:fly_one_cm":679551,"minecraft:open_chest":52,"minecraft:crouch_one_cm":45700,"minecraft:interact_with_smoker":7,"minecraft:fall_one_cm":102075},"minecraft:crafted":{"minecraft:smooth_stone":3,"minecraft:oak_planks":4,"minecraft:raw_iron":18,"minecraft:blaze_powder":20,"minecraft:furnace":2,"minecraft:blast_furnace":1,"minecraft:stone":3,"minecraft:cooked_mutton":4,"minecraft:flint_and_steel":1,"minecraft:bow":1,"minecraft:diamond_leggings":1,"minecraft:iron_boots":1,"minecraft:iron_axe":1,"minecraft:stone_pickaxe":6,"minecraft:chest":2,"minecraft:diamond_boots":1,"minecraft:ender_eye":15,"minecraft:golden_boots":1,"minecraft:smoker":1,"minecraft:cooked_beef":40,"minecraft:cooked_porkchop":17,"minecraft:crafting_table":2,"minecraft:wooden_pickaxe":1,"minecraft:iron_helmet":2,"minecraft:iron_sword":2,"minecraft:bucket":3,"minecraft:stone_axe":1,"minecraft:air":0,"minecraft:iron_chestplate":1,"minecraft:white_wool":16,"minecraft:diamond_pickaxe":1,"minecraft:shield":1,"minecraft:stick":44,"minecraft:iron_ingot":94,"minecraft:iron_pickaxe":4,"minecraft:wooden_axe":1,"minecraft:iron_block":3,"minecraft:iron_shovel":1,"minecraft:iron_leggings":1,"minecraft:gold_ingot":225,"minecraft:anvil":1,"minecraft:white_bed":8,"minecraft:acacia_planks":168,"minecraft:diamond_chestplate":1},"minecraft:mined":{"minecraft:yellow_terracotta":1,"minecraft:nether_gold_ore":181,"minecraft:white_bed":6,"minecraft:tuff":9,"minecraft:stone_pressure_plate":1,"minecraft:deepslate_diamond_ore":26,"minecraft:oak_door":1,"minecraft:end_stone":31,"minecraft:obsidian":34,"minecraft:nether_bricks":15,"minecraft:granite":49,"minecraft:acacia_log":42,"minecraft:grass_block":12,"minecraft:crimson_roots":10,"minecraft:soul_soil":14,"minecraft:crimson_fungus":1,"minecraft:sandstone":26,"minecraft:spawner":3,"minecraft:weeping_vines_plant":2,"minecraft:raw_iron_block":2,"minecraft:furnace":6,"minecraft:iron_ore":53,"minecraft:fire":62,"minecraft:chiseled_sandstone":1,"minecraft:andesite":38,"minecraft:anvil":1,"minecraft:gold_block":16,"minecraft:nether_brick_fence":1,"minecraft:dirt_path":5,"minecraft:vine":2,"minecraft:deepslate_iron_ore":74,"minecraft:stone":525,"minecraft:cut_sandstone":1,"minecraft:acacia_leaves":3,"minecraft:soul_sand":35,"minecraft:soul_fire":17,"minecraft:crimson_nylium":43,"minecraft:crafting_table":25,"minecraft:short_grass":105,"minecraft:blast_furnace":2,"minecraft:calcite":2,"minecraft:melon":11,"minecraft:nether_quartz_ore":14,"minecraft:copper_ore":3,"minecraft:tall_grass":4,"minecraft:cobblestone":6,"minecraft:oak_planks":2,"minecraft:iron_door":6,"minecraft:diorite":23,"minecraft:wall_torch":1,"minecraft:amethyst_block":1,"minecraft:deepslate_copper_ore":2,"minecraft:nether_wart_block":2,"minecraft:coal_ore":78,"minecraft:oak_log":11,"minecraft:gravel":7,"minecraft:dirt":25,"minecraft:sand":5,"minecraft:cobweb":6,"minecraft:smooth_basalt":3,"minecraft:cracked_stone_bricks":2,"minecraft:stone_bricks":7,"minecraft:netherrack":1078,"minecraft:mossy_stone_bricks":6,"minecraft:deepslate":120},"minecraft:picked_up":{"minecraft:wooden_axe":1,"minecraft:crafting_table":25,"minecraft:splash_potion":4,"minecraft:chicken":1,"minecraft:anvil":1,"minecraft:enchanted_book":6,"minecraft:gold_block":16,"minecraft:potion":11,"minecraft:nether_brick":105,"minecraft:shield":3,"minecraft:amethyst_block":1,"minecraft:string":68,"minecraft:soul_soil":13,"minecraft:raw_copper":3,"minecraft:iron_shovel":3,"minecraft:blackstone":286,"minecraft:diamond_leggings":3,"minecraft:gold_nugget":728,"minecraft:cobbled_deepslate":115,"minecraft:beef":40,"minecraft:calcite":5,"minecraft:ender_eye":9,"minecraft:iron_nugget":147,"minecraft:melon_slice":56,"minecraft:iron_boots":3,"minecraft:furnace":6,"minecraft:raw_iron":183,"minecraft:stick":8,"minecraft:sandstone":23,"minecraft:end_stone":112,"minecraft:oak_door":1,"minecraft:torch":1,"minecraft:acacia_log":42,"minecraft:fire_charge":16,"minecraft:porkchop":59,"minecraft:diorite":22,"minecraft:carrot":1,"minecraft:stone_pressure_plate":1,"minecraft:arrow":22,"minecraft:weeping_vines":1,"minecraft:rotten_flesh":10,"minecraft:diamond_chestplate":3,"minecraft:nether_bricks":15,"minecraft:diamond_boots":3,"minecraft:yellow_terracotta":1,"minecraft:gold_ingot":59,"minecraft:blaze_rod":10,"minecraft:white_wool":15,"minecraft:obsidian":61,"minecraft:mutton":11,"minecraft:cobblestone":307,"minecraft:feather":1,"minecraft:cooked_beef":40,"minecraft:iron_door":3,"minecraft:water_bucket":3,"minecraft:andesite":14,"minecraft:leather":62,"minecraft:flint":1,"minecraft:crimson_fungus":2,"minecraft:tuff":9,"minecraft:oak_log":11,"minecraft:nether_wart_block":1,"minecraft:dirt":39,"minecraft:bone":36,"minecraft:stone_bricks":2,"minecraft:bow":4,"minecraft:wheat_seeds":12,"minecraft:iron_ingot":2,"minecraft:stone_pickaxe":1,"minecraft:mossy_stone_bricks":1,"minecraft:iron_sword":3,"minecraft:soul_sand":92,"minecraft:smooth_basalt":3,"minecraft:cooked_porkchop":2,"minecraft:quartz":84,"minecraft:raw_iron_block":2,"minecraft:gravel":342,"minecraft:blast_furnace":2,"minecraft:white_bed":11,"minecraft:crying_obsidian":31,"minecraft:spectral_arrow":336,"minecraft:spider_eye":2,"minecraft:dragon_egg":1,"minecraft:diamond":26,"minecraft:iron_helmet":4,"minecraft:granite":64,"minecraft:netherrack":1051,"minecraft:coal":171,"minecraft:crimson_roots":10,"minecraft:ender_pearl":30,"minecraft:diamond_pickaxe":4},"minecraft:broken":{"minecraft:stone_pickaxe":3,"minecraft:stone_axe":1,"minecraft:iron_sword":1,"minecraft:iron_pickaxe":3,"minecraft:iron_helmet":1},"minecraft:killed_by":{"minecraft:ender_dragon":1},"minecraft:dropped":{"minecraft:enchanted_book":1,"minecraft:soul_sand":68,"minecraft:porkchop":37,"minecraft:wheat_seeds":12,"minecraft:ender_pearl":4,"minecraft:weeping_vines":1,"minecraft:iron_helmet":1,"minecraft:cobblestone":43,"minecraft:amethyst_block":1,"minecraft:leather":27,"minecraft:granite":64,"minecraft:coal":4,"minecraft:stick":10,"minecraft:dirt":5,"minecraft:diorite":22,"minecraft:mutton":1,"minecraft:wooden_axe":2,"minecraft:crimson_roots":7,"minecraft:nether_wart_block":1,"minecraft:fire_charge":16,"minecraft:potion":5,"minecraft:iron_leggings":1,"minecraft:gold_nugget":2,"minecraft:bucket":1,"minecraft:white_wool":3,"minecraft:bone":18,"minecraft:gold_ingot":293,"minecraft:smooth_basalt":3,"minecraft:gravel":336,"minecraft:crimson_fungus":2,"minecraft:blackstone":282,"minecraft:soul_soil":5,"minecraft:iron_nugget":2,"minecraft:cobbled_deepslate":2,"minecraft:raw_copper":3,"minecraft:nether_brick":105,"minecraft:tuff":9,"minecraft:obsidian":11,"minecraft:rotten_flesh":10,"minecraft:iron_boots":3,"minecraft:nether_bricks":15,"minecraft:carrot":1,"minecraft:diamond_pickaxe":1,"minecraft:iron_chestplate":1,"minecraft:andesite":14,"minecraft:mossy_stone_bricks":1,"minecraft:spider_eye":2,"minecraft:stone_bricks":2,"minecraft:sandstone":14,"minecraft:stone_pickaxe":4,"minecraft:wooden_pickaxe":1,"minecraft:calcite":5,"minecraft:quartz":75,"minecraft:netherrack":69},"minecraft:killed":{"minecraft:cave_spider":1,"minecraft:zombified_piglin":1,"minecraft:spider":3,"minecraft:skeleton":26,"minecraft:chicken":1,"minecraft:silverfish":1,"minecraft:piglin":4,"minecraft:pig":10,"minecraft:ender_dragon":1,"minecraft:hoglin":13,"minecraft:creeper":1,"minecraft:sheep":15,"minecraft:zombie":16,"minecraft:ghast":1,"minecraft:wither_skeleton":10,"minecraft:blaze":26,"minecraft:enderman":1,"minecraft:cow":20},"minecraft:used":{"minecraft:iron_shovel":26,"minecraft:flint_and_steel":6,"minecraft:chest":2,"minecraft:shield":31,"minecraft:iron_sword":358,"minecraft:netherrack":644,"minecraft:torch":1,"minecraft:dirt":9,"minecraft:anvil":1,"minecraft:obsidian":48,"minecraft:wooden_axe":2,"minecraft:lava_bucket":4,"minecraft:iron_axe":145,"minecraft:iron_helmet":2,"minecraft:diamond_chestplate":2,"minecraft:bow":82,"minecraft:soul_soil":2,"minecraft:furnace":6,"minecraft:cooked_beef":31,"minecraft:cobbled_deepslate":49,"minecraft:golden_boots":4,"minecraft:cooked_mutton":4,"minecraft:water_bucket":12,"minecraft:diamond_boots":5,"minecraft:ender_pearl":1,"minecraft:stone_pickaxe":485,"minecraft:blackstone":17,"minecraft:wooden_pickaxe":15,"minecraft:glow_berries":9,"minecraft:yellow_terracotta":1,"minecraft:crafting_table":27,"minecraft:blast_furnace":3,"minecraft:white_bed":14,"minecraft:end_stone":2,"minecraft:smoker":1,"minecraft:ender_eye":24,"minecraft:diamond_pickaxe":1256,"minecraft:melon_slice":19,"minecraft:string":1,"minecraft:iron_pickaxe":753,"minecraft:gravel":6,"minecraft:stone_axe":94,"minecraft:cobblestone":224,"minecraft:bucket":18,"minecraft:cooked_porkchop":19,"minecraft:diamond_leggings":3,"minecraft:splash_potion":1}},"DataVersion":3953}