{"stats":{"minecraft:custom":{"minecraft:interact_with_anvil":2,"minecraft:mob_kills":151,"minecraft:interact_with_crafting_table":66,"minecraft:leave_game":1,"minecraft:time_since_death":284886,"minecraft:climb_one_cm":2074,"minecraft:sprint_one_cm":552921,"minecraft:walk_one_cm":812479,"minecraft:damage_blocked_by_shield":1104,"minecraft:drop":222,"minecraft:play_time":284886,"minecraft:sneak_time":18258,"minecraft:walk_under_water_one_cm":15607,"minecraft:jump":3732,"minecraft:interact_with_blast_furnace":8,"minecraft:walk_on_water_one_cm":19293,"minecraft:total_world_time":284886,"minecraft:interact_with_furnace":36,"minecraft:sleep_in_bed":4,"minecraft:time_since_rest":49360,"minecraft:damage_taken":3828,"minecraft:damage_dealt":27665,"minecraft:swim_one_cm":6629,"minecraft:fly_one_cm":474803,"minecraft:open_chest":44,"minecraft:crouch_one_cm":45492,"minecraft:interact_with_smoker":7,"minecraft:fall_one_cm":78828},"minecraft:crafted":{"minecraft:smooth_stone":3,"minecraft:oak_planks":4,"minecraft:raw_iron":18,"minecraft:blaze_powder":20,"minecraft:furnace":2,"minecraft:blast_furnace":1,"minecraft:stone":3,"minecraft:cooked_mutton":4,"minecraft:flint_and_steel":1,"minecraft:bow":1,"minecraft:diamond_leggings":1,"minecraft:iron_boots":1,"minecraft:iron_axe":1,"minecraft:stone_pickaxe":6,"minecraft:chest":2,"minecraft:diamond_boots":1,"minecraft:ender_eye":15,"minecraft:smoker":1,"minecraft:golden_boots":1,"minecraft:cooked_beef":40,"minecraft:cooked_porkchop":17,"minecraft:crafting_table":2,"minecraft:wooden_pickaxe":1,"minecraft:iron_helmet":2,"minecraft:iron_sword":2,"minecraft:bucket":3,"minecraft:stone_axe":1,"minecraft:air":0,"minecraft:white_wool":16,"minecraft:iron_chestplate":1,"minecraft:diamond_pickaxe":1,"minecraft:shield":1,"minecraft:stick":40,"minecraft:iron_ingot":94,"minecraft:iron_pickaxe":3,"minecraft:wooden_axe":1,"minecraft:iron_block":3,"minecraft:iron_shovel":1,"minecraft:iron_leggings":1,"minecraft:gold_ingot":225,"minecraft:anvil":1,"minecraft:white_bed":8,"minecraft:acacia_planks":168,"minecraft:diamond_chestplate":1},"minecraft:mined":{"minecraft:yellow_terracotta":1,"minecraft:nether_gold_ore":181,"minecraft:stone_pressure_plate":1,"minecraft:white_bed":4,"minecraft:tuff":9,"minecraft:deepslate_diamond_ore":26,"minecraft:oak_door":1,"minecraft:end_stone":23,"minecraft:obsidian":33,"minecraft:granite":49,"minecraft:nether_bricks":15,"minecraft:acacia_log":42,"minecraft:grass_block":12,"minecraft:crimson_roots":10,"minecraft:soul_soil":14,"minecraft:crimson_fungus":1,"minecraft:sandstone":26,"minecraft:spawner":3,"minecraft:weeping_vines_plant":2,"minecraft:raw_iron_block":2,"minecraft:furnace":6,"minecraft:iron_ore":53,"minecraft:fire":18,"minecraft:chiseled_sandstone":1,"minecraft:andesite":38,"minecraft:anvil":1,"minecraft:gold_block":16,"minecraft:nether_brick_fence":1,"minecraft:vine":2,"minecraft:deepslate_iron_ore":74,"minecraft:dirt_path":5,"minecraft:stone":525,"minecraft:cut_sandstone":1,"minecraft:acacia_leaves":3,"minecraft:soul_sand":35,"minecraft:soul_fire":17,"minecraft:crimson_nylium":43,"minecraft:crafting_table":25,"minecraft:short_grass":105,"minecraft:blast_furnace":2,"minecraft:calcite":2,"minecraft:melon":11,"minecraft:nether_quartz_ore":14,"minecraft:copper_ore":3,"minecraft:tall_grass":4,"minecraft:cobblestone":6,"minecraft:oak_planks":2,"minecraft:diorite":23,"minecraft:iron_door":6,"minecraft:amethyst_block":1,"minecraft:deepslate_copper_ore":2,"minecraft:nether_wart_block":2,"minecraft:oak_log":11,"minecraft:coal_ore":78,"minecraft:sand":5,"minecraft:gravel":7,"minecraft:dirt":25,"minecraft:cobweb":6,"minecraft:cracked_stone_bricks":2,"minecraft:smooth_basalt":3,"minecraft:stone_bricks":7,"minecraft:netherrack":1073,"minecraft:mossy_stone_bricks":6,"minecraft:deepslate":120},"minecraft:picked_up":{"minecraft:wooden_axe":1,"minecraft:crafting_table":25,"minecraft:splash_potion":4,"minecraft:chicken":1,"minecraft:anvil":1,"minecraft:potion":8,"minecraft:gold_block":16,"minecraft:enchanted_book":3,"minecraft:nether_brick":105,"minecraft:amethyst_block":1,"minecraft:string":68,"minecraft:soul_soil":13,"minecraft:raw_copper":3,"minecraft:blackstone":286,"minecraft:gold_nugget":728,"minecraft:cobbled_deepslate":115,"minecraft:beef":40,"minecraft:ender_eye":9,"minecraft:calcite":5,"minecraft:iron_nugget":129,"minecraft:melon_slice":56,"minecraft:iron_boots":3,"minecraft:furnace":6,"minecraft:end_stone":23,"minecraft:sandstone":23,"minecraft:stick":5,"minecraft:raw_iron":183,"minecraft:oak_door":1,"minecraft:acacia_log":42,"minecraft:fire_charge":16,"minecraft:porkchop":59,"minecraft:diorite":22,"minecraft:carrot":1,"minecraft:stone_pressure_plate":1,"minecraft:weeping_vines":1,"minecraft:arrow":22,"minecraft:rotten_flesh":10,"minecraft:nether_bricks":15,"minecraft:yellow_terracotta":1,"minecraft:gold_ingot":59,"minecraft:blaze_rod":10,"minecraft:obsidian":60,"minecraft:mutton":11,"minecraft:white_wool":15,"minecraft:cobblestone":307,"minecraft:feather":1,"minecraft:iron_door":3,"minecraft:andesite":14,"minecraft:leather":62,"minecraft:flint":1,"minecraft:crimson_fungus":2,"minecraft:tuff":9,"minecraft:oak_log":11,"minecraft:nether_wart_block":1,"minecraft:dirt":39,"minecraft:bone":36,"minecraft:stone_bricks":2,"minecraft:bow":1,"minecraft:wheat_seeds":12,"minecraft:iron_ingot":2,"minecraft:stone_pickaxe":1,"minecraft:mossy_stone_bricks":1,"minecraft:soul_sand":92,"minecraft:smooth_basalt":3,"minecraft:cooked_porkchop":2,"minecraft:quartz":84,"minecraft:raw_iron_block":2,"minecraft:gravel":342,"minecraft:blast_furnace":2,"minecraft:white_bed":4,"minecraft:crying_obsidian":31,"minecraft:spectral_arrow":93,"minecraft:spider_eye":2,"minecraft:diamond":26,"minecraft:iron_helmet":1,"minecraft:granite":64,"minecraft:netherrack":1004,"minecraft:coal":171,"minecraft:crimson_roots":10,"minecraft:ender_pearl":21,"minecraft:diamond_pickaxe":1},"minecraft:broken":{"minecraft:stone_pickaxe":3,"minecraft:stone_axe":1,"minecraft:iron_sword":1,"minecraft:iron_pickaxe":3,"minecraft:iron_helmet":1},"minecraft:dropped":{"minecraft:enchanted_book":1,"minecraft:soul_sand":68,"minecraft:porkchop":37,"minecraft:wheat_seeds":12,"minecraft:ender_pearl":4,"minecraft:weeping_vines":1,"minecraft:iron_helmet":1,"minecraft:cobblestone":43,"minecraft:amethyst_block":1,"minecraft:leather":27,"minecraft:granite":64,"minecraft:coal":4,"minecraft:stick":9,"minecraft:dirt":5,"minecraft:diorite":22,"minecraft:mutton":1,"minecraft:crimson_roots":7,"minecraft:wooden_axe":2,"minecraft:nether_wart_block":1,"minecraft:potion":5,"minecraft:fire_charge":16,"minecraft:iron_leggings":1,"minecraft:gold_nugget":2,"minecraft:white_wool":1,"minecraft:bucket":1,"minecraft:smooth_basalt":3,"minecraft:gold_ingot":293,"minecraft:bone":18,"minecraft:gravel":336,"minecraft:crimson_fungus":2,"minecraft:blackstone":282,"minecraft:soul_soil":5,"minecraft:iron_nugget":2,"minecraft:raw_copper":3,"minecraft:cobbled_deepslate":2,"minecraft:nether_brick":105,"minecraft:tuff":9,"minecraft:obsidian":11,"minecraft:rotten_flesh":10,"minecraft:iron_boots":3,"minecraft:nether_bricks":15,"minecraft:carrot":1,"minecraft:diamond_pickaxe":1,"minecraft:iron_chestplate":1,"minecraft:andesite":14,"minecraft:mossy_stone_bricks":1,"minecraft:stone_bricks":2,"minecraft:spider_eye":2,"minecraft:sandstone":14,"minecraft:wooden_pickaxe":1,"minecraft:stone_pickaxe":4,"minecraft:calcite":5,"minecraft:quartz":75,"minecraft:netherrack":69},"minecraft:killed":{"minecraft:cave_spider":1,"minecraft:zombified_piglin":1,"minecraft:spider":3,"minecraft:skeleton":26,"minecraft:chicken":1,"minecraft:silverfish":1,"minecraft:piglin":4,"minecraft:pig":10,"minecraft:hoglin":13,"minecraft:creeper":1,"minecraft:sheep":15,"minecraft:zombie":16,"minecraft:ghast":1,"minecraft:wither_skeleton":10,"minecraft:blaze":26,"minecraft:cow":20},"minecraft:used":{"minecraft:iron_shovel":26,"minecraft:flint_and_steel":6,"minecraft:chest":2,"minecraft:shield":31,"minecraft:iron_sword":332,"minecraft:netherrack":639,"minecraft:dirt":9,"minecraft:anvil":1,"minecraft:obsidian":46,"minecraft:wooden_axe":2,"minecraft:lava_bucket":4,"minecraft:iron_axe":145,"minecraft:iron_helmet":1,"minecraft:bow":4,"minecraft:soul_soil":2,"minecraft:furnace":6,"minecraft:cooked_beef":24,"minecraft:cobbled_deepslate":49,"minecraft:golden_boots":3,"minecraft:cooked_mutton":4,"minecraft:water_bucket":8,"minecraft:diamond_boots":2,"minecraft:stone_pickaxe":485,"minecraft:blackstone":17,"minecraft:wooden_pickaxe":15,"minecraft:glow_berries":9,"minecraft:yellow_terracotta":1,"minecraft:crafting_table":27,"minecraft:blast_furnace":3,"minecraft:white_bed":5,"minecraft:smoker":1,"minecraft:ender_eye":24,"minecraft:diamond_pickaxe":1236,"minecraft:melon_slice":19,"minecraft:string":1,"minecraft:iron_pickaxe":750,"minecraft:gravel":6,"minecraft:stone_axe":94,"minecraft:cobblestone":224,"minecraft:cooked_porkchop":19,"minecraft:bucket":14,"minecraft:diamond_leggings":1,"minecraft:splash_potion":1}},"DataVersion":3953}