{"stats":{"minecraft:crafted":{"minecraft:oak_planks":4,"minecraft:smooth_stone":3,"minecraft:raw_iron":18,"minecraft:furnace":2,"minecraft:blast_furnace":1,"minecraft:stone":3,"minecraft:cooked_mutton":4,"minecraft:flint_and_steel":1,"minecraft:diamond_leggings":1,"minecraft:iron_boots":1,"minecraft:iron_axe":1,"minecraft:stone_pickaxe":6,"minecraft:chest":1,"minecraft:diamond_boots":1,"minecraft:golden_boots":1,"minecraft:smoker":1,"minecraft:cooked_beef":40,"minecraft:cooked_porkchop":17,"minecraft:crafting_table":2,"minecraft:wooden_pickaxe":1,"minecraft:iron_helmet":1,"minecraft:iron_sword":1,"minecraft:bucket":2,"minecraft:stone_axe":1,"minecraft:air":0,"minecraft:iron_chestplate":1,"minecraft:diamond_pickaxe":1,"minecraft:shield":1,"minecraft:stick":36,"minecraft:iron_ingot":79,"minecraft:iron_pickaxe":3,"minecraft:wooden_axe":1,"minecraft:iron_block":3,"minecraft:iron_shovel":1,"minecraft:gold_ingot":69,"minecraft:iron_leggings":1,"minecraft:anvil":1,"minecraft:white_bed":1,"minecraft:acacia_planks":168,"minecraft:diamond_chestplate":1},"minecraft:custom":{"minecraft:interact_with_anvil":2,"minecraft:mob_kills":122,"minecraft:interact_with_crafting_table":45,"minecraft:time_since_death":200742,"minecraft:climb_one_cm":614,"minecraft:sprint_one_cm":376673,"minecraft:walk_one_cm":572668,"minecraft:damage_blocked_by_shield":635,"minecraft:drop":124,"minecraft:play_time":200742,"minecraft:sneak_time":14506,"minecraft:walk_under_water_one_cm":13218,"minecraft:jump":2394,"minecraft:interact_with_blast_furnace":8,"minecraft:walk_on_water_one_cm":16057,"minecraft:total_world_time":200742,"minecraft:interact_with_furnace":36,"minecraft:sleep_in_bed":2,"minecraft:time_since_rest":92757,"minecraft:damage_taken":2830,"minecraft:damage_dealt":20488,"minecraft:fly_one_cm":277574,"minecraft:swim_one_cm":1229,"minecraft:open_chest":11,"minecraft:crouch_one_cm":34565,"minecraft:interact_with_smoker":7,"minecraft:fall_one_cm":45839},"minecraft:mined":{"minecraft:yellow_terracotta":1,"minecraft:nether_gold_ore":170,"minecraft:tuff":9,"minecraft:white_bed":2,"minecraft:deepslate_diamond_ore":22,"minecraft:obsidian":29,"minecraft:nether_bricks":15,"minecraft:granite":32,"minecraft:acacia_log":42,"minecraft:grass_block":12,"minecraft:crimson_roots":5,"minecraft:soul_soil":10,"minecraft:crimson_fungus":1,"minecraft:weeping_vines_plant":1,"minecraft:raw_iron_block":2,"minecraft:furnace":6,"minecraft:iron_ore":53,"minecraft:fire":15,"minecraft:andesite":14,"minecraft:anvil":1,"minecraft:nether_brick_fence":1,"minecraft:dirt_path":5,"minecraft:deepslate_iron_ore":74,"minecraft:stone":302,"minecraft:acacia_leaves":3,"minecraft:soul_sand":31,"minecraft:crimson_nylium":28,"minecraft:soul_fire":17,"minecraft:crafting_table":21,"minecraft:short_grass":104,"minecraft:blast_furnace":2,"minecraft:calcite":2,"minecraft:melon":11,"minecraft:nether_quartz_ore":14,"minecraft:copper_ore":1,"minecraft:tall_grass":4,"minecraft:cobblestone":6,"minecraft:diorite":20,"minecraft:amethyst_block":1,"minecraft:nether_wart_block":1,"minecraft:coal_ore":78,"minecraft:oak_log":11,"minecraft:gravel":7,"minecraft:dirt":23,"minecraft:smooth_basalt":3,"minecraft:netherrack":935,"minecraft:deepslate":71},"minecraft:picked_up":{"minecraft:wooden_axe":1,"minecraft:crafting_table":21,"minecraft:anvil":1,"minecraft:splash_potion":1,"minecraft:chicken":1,"minecraft:enchanted_book":2,"minecraft:potion":4,"minecraft:nether_brick":16,"minecraft:amethyst_block":1,"minecraft:string":24,"minecraft:raw_copper":3,"minecraft:soul_soil":9,"minecraft:blackstone":128,"minecraft:gold_nugget":689,"minecraft:cobbled_deepslate":66,"minecraft:beef":40,"minecraft:calcite":5,"minecraft:iron_nugget":26,"minecraft:melon_slice":56,"minecraft:iron_boots":2,"minecraft:furnace":6,"minecraft:raw_iron":183,"minecraft:acacia_log":42,"minecraft:fire_charge":3,"minecraft:porkchop":29,"minecraft:diorite":20,"minecraft:carrot":1,"minecraft:weeping_vines":1,"minecraft:arrow":13,"minecraft:rotten_flesh":10,"minecraft:nether_bricks":15,"minecraft:yellow_terracotta":1,"minecraft:gold_ingot":39,"minecraft:blaze_rod":10,"minecraft:mutton":11,"minecraft:obsidian":35,"minecraft:white_wool":8,"minecraft:cobblestone":307,"minecraft:feather":1,"minecraft:andesite":14,"minecraft:leather":46,"minecraft:crimson_fungus":2,"minecraft:tuff":9,"minecraft:flint":1,"minecraft:oak_log":11,"minecraft:nether_wart_block":1,"minecraft:dirt":39,"minecraft:bone":25,"minecraft:bow":1,"minecraft:wheat_seeds":12,"minecraft:stone_pickaxe":1,"minecraft:iron_ingot":2,"minecraft:soul_sand":33,"minecraft:smooth_basalt":3,"minecraft:cooked_porkchop":2,"minecraft:quartz":16,"minecraft:raw_iron_block":2,"minecraft:gravel":96,"minecraft:blast_furnace":2,"minecraft:white_bed":2,"minecraft:spectral_arrow":20,"minecraft:crying_obsidian":10,"minecraft:spider_eye":2,"minecraft:diamond":22,"minecraft:granite":64,"minecraft:netherrack":865,"minecraft:coal":171,"minecraft:crimson_roots":4,"minecraft:diamond_pickaxe":1,"minecraft:ender_pearl":6},"minecraft:broken":{"minecraft:stone_pickaxe":3,"minecraft:stone_axe":1,"minecraft:iron_pickaxe":3},"minecraft:dropped":{"minecraft:enchanted_book":1,"minecraft:soul_sand":9,"minecraft:porkchop":7,"minecraft:wheat_seeds":12,"minecraft:weeping_vines":1,"minecraft:cobblestone":43,"minecraft:leather":26,"minecraft:amethyst_block":1,"minecraft:granite":64,"minecraft:dirt":5,"minecraft:diorite":20,"minecraft:mutton":1,"minecraft:nether_wart_block":1,"minecraft:crimson_roots":1,"minecraft:wooden_axe":2,"minecraft:fire_charge":3,"minecraft:potion":4,"minecraft:iron_leggings":1,"minecraft:white_wool":1,"minecraft:bucket":1,"minecraft:gold_ingot":104,"minecraft:smooth_basalt":3,"minecraft:gravel":78,"minecraft:crimson_fungus":2,"minecraft:blackstone":98,"minecraft:soul_soil":1,"minecraft:cobbled_deepslate":2,"minecraft:raw_copper":3,"minecraft:nether_brick":16,"minecraft:tuff":9,"minecraft:rotten_flesh":10,"minecraft:iron_boots":1,"minecraft:carrot":1,"minecraft:diamond_pickaxe":1,"minecraft:iron_chestplate":1,"minecraft:andesite":14,"minecraft:spider_eye":2,"minecraft:wooden_pickaxe":1,"minecraft:stone_pickaxe":4,"minecraft:calcite":5,"minecraft:quartz":7,"minecraft:netherrack":64},"minecraft:killed":{"minecraft:cave_spider":1,"minecraft:zombified_piglin":1,"minecraft:spider":1,"minecraft:skeleton":19,"minecraft:chicken":1,"minecraft:piglin":4,"minecraft:pig":10,"minecraft:hoglin":4,"minecraft:creeper":1,"minecraft:sheep":8,"minecraft:zombie":13,"minecraft:ghast":1,"minecraft:wither_skeleton":10,"minecraft:blaze":26,"minecraft:cow":20},"minecraft:used":{"minecraft:iron_shovel":13,"minecraft:flint_and_steel":4,"minecraft:chest":1,"minecraft:shield":21,"minecraft:iron_sword":259,"minecraft:netherrack":394,"minecraft:dirt":9,"minecraft:anvil":1,"minecraft:obsidian":28,"minecraft:wooden_axe":2,"minecraft:lava_bucket":4,"minecraft:iron_axe":84,"minecraft:bow":4,"minecraft:soul_soil":2,"minecraft:furnace":6,"minecraft:cooked_beef":10,"minecraft:golden_boots":3,"minecraft:cooked_mutton":4,"minecraft:water_bucket":6,"minecraft:diamond_boots":2,"minecraft:stone_pickaxe":485,"minecraft:blackstone":17,"minecraft:wooden_pickaxe":15,"minecraft:glow_berries":9,"minecraft:yellow_terracotta":1,"minecraft:crafting_table":22,"minecraft:blast_furnace":3,"minecraft:white_bed":2,"minecraft:smoker":1,"minecraft:diamond_pickaxe":650,"minecraft:melon_slice":15,"minecraft:string":1,"minecraft:iron_pickaxe":750,"minecraft:gravel":6,"minecraft:stone_axe":94,"minecraft:cobblestone":224,"minecraft:cooked_porkchop":19,"minecraft:bucket":11,"minecraft:splash_potion":1,"minecraft:diamond_leggings":1}},"DataVersion":3953}