{"stats":{"minecraft:killed_by":{"minecraft:ender_dragon":1},"minecraft:dropped":{"minecraft:iron_sword":1,"minecraft:soul_sand":68,"minecraft:porkchop":37,"minecraft:ender_pearl":4,"minecraft:weeping_vines":1,"minecraft:leather":27,"minecraft:dirt":5,"minecraft:mutton":1,"minecraft:crimson_roots":7,"minecraft:gold_nugget":2,"minecraft:sand":21,"minecraft:white_wool":3,"minecraft:gold_ingot":293,"minecraft:bone":18,"minecraft:oak_door":1,"minecraft:gravel":336,"minecraft:crimson_fungus":2,"minecraft:stone_axe":16,"minecraft:blackstone":282,"minecraft:iron_nugget":2,"minecraft:cobbled_deepslate":2,"minecraft:nether_brick":105,"minecraft:obsidian":11,"minecraft:rotten_flesh":10,"minecraft:carrot":1,"minecraft:quartz":75,"minecraft:netherrack":70,"minecraft:enchanted_book":1,"minecraft:bread":65,"minecraft:wheat_seeds":12,"minecraft:iron_helmet":1,"minecraft:cobblestone":43,"minecraft:amethyst_block":1,"minecraft:granite":64,"minecraft:coal":4,"minecraft:stick":10,"minecraft:diorite":22,"minecraft:nether_wart_block":1,"minecraft:wooden_axe":2,"minecraft:melon_slice":1,"minecraft:potion":5,"minecraft:fire_charge":16,"minecraft:iron_leggings":1,"minecraft:bucket":1,"minecraft:smooth_basalt":3,"minecraft:soul_soil":5,"minecraft:raw_copper":3,"minecraft:tuff":9,"minecraft:iron_boots":3,"minecraft:nether_bricks":15,"minecraft:iron_chestplate":1,"minecraft:diamond_pickaxe":1,"minecraft:andesite":14,"minecraft:mossy_stone_bricks":1,"minecraft:spider_eye":2,"minecraft:stone_bricks":2,"minecraft:sandstone":14,"minecraft:stone_pickaxe":4,"minecraft:wooden_pickaxe":1,"minecraft:calcite":5},"minecraft:broken":{"minecraft:iron_shovel":1,"minecraft:stone_pickaxe":3,"minecraft:stone_axe":2,"minecraft:iron_sword":2,"minecraft:stone_shovel":4,"minecraft:stone_hoe":1,"minecraft:iron_axe":2,"minecraft:iron_pickaxe":4,"minecraft:iron_helmet":1},"minecraft:used":{"minecraft:iron_shovel":250,"minecraft:poppy":4,"minecraft:chest":9,"minecraft:shield":31,"minecraft:iron_sword":526,"minecraft:bell":1,"minecraft:carrot":85,"minecraft:obsidian":48,"minecraft:lava_bucket":4,"minecraft:iron_helmet":2,"minecraft:bow":83,"minecraft:oak_sapling":23,"minecraft:furnace":8,"minecraft:potato":36,"minecraft:golden_boots":4,"minecraft:diamond_boots":8,"minecraft:end_stone_bricks":4,"minecraft:chorus_fruit":12,"minecraft:stone_pickaxe":485,"minecraft:ender_pearl":14,"minecraft:blackstone":17,"minecraft:wooden_pickaxe":15,"minecraft:sugar_cane":131,"minecraft:glow_berries":9,"minecraft:yellow_terracotta":1,"minecraft:blast_furnace":3,"minecraft:end_stone":301,"minecraft:melon_slice":56,"minecraft:string":1,"minecraft:gravel":6,"minecraft:smithing_table":3,"minecraft:bone_meal":6,"minecraft:oak_trapdoor":3,"minecraft:flint_and_steel":6,"minecraft:stone_shovel":527,"minecraft:stone_hoe":160,"minecraft:netherrack":644,"minecraft:torch":11,"minecraft:dirt":634,"minecraft:anvil":1,"minecraft:shulker_box":5,"minecraft:wooden_axe":2,"minecraft:iron_axe":392,"minecraft:iron_boots":4,"minecraft:diamond_chestplate":2,"minecraft:soul_soil":2,"minecraft:cooked_beef":40,"minecraft:cobbled_deepslate":49,"minecraft:acacia_planks":13,"minecraft:cooked_mutton":4,"minecraft:acacia_boat":22,"minecraft:water_bucket":16,"minecraft:fletching_table":5,"minecraft:mossy_cobblestone":11,"minecraft:crafting_table":31,"minecraft:white_bed":22,"minecraft:smoker":1,"minecraft:oak_log":4,"minecraft:ender_eye":24,"minecraft:diamond_pickaxe":1539,"minecraft:iron_pickaxe":1000,"minecraft:stone_axe":308,"minecraft:cobblestone":266,"minecraft:cooked_porkchop":19,"minecraft:bucket":21,"minecraft:yellow_bed":10,"minecraft:diamond_leggings":5,"minecraft:splash_potion":1},"minecraft:custom":{"minecraft:interact_with_crafting_table":99,"minecraft:open_shulker_box":19,"minecraft:bell_ring":16,"minecraft:leave_game":3,"minecraft:time_since_death":218682,"minecraft:sprint_one_cm":1126806,"minecraft:damage_blocked_by_shield":1104,"minecraft:drop":248,"minecraft:talked_to_villager":59,"minecraft:play_time":520564,"minecraft:deaths":3,"minecraft:jump":6724,"minecraft:walk_on_water_one_cm":40332,"minecraft:interact_with_furnace":43,"minecraft:traded_with_villager":126,"minecraft:sleep_in_bed":17,"minecraft:open_enderchest":3,"minecraft:damage_dealt":42897,"minecraft:crouch_one_cm":83018,"minecraft:interact_with_smoker":7,"minecraft:interact_with_smithing_table":2,"minecraft:interact_with_anvil":2,"minecraft:mob_kills":188,"minecraft:climb_one_cm":2990,"minecraft:walk_one_cm":1424965,"minecraft:sneak_time":30452,"minecraft:walk_under_water_one_cm":36826,"minecraft:boat_one_cm":126303,"minecraft:interact_with_blast_furnace":8,"minecraft:total_world_time":520564,"minecraft:time_since_rest":11630,"minecraft:damage_taken":7431,"minecraft:swim_one_cm":8249,"minecraft:fly_one_cm":1227904,"minecraft:open_chest":103,"minecraft:fall_one_cm":161628},"minecraft:mined":{"minecraft:stone_pressure_plate":1,"minecraft:white_bed":15,"minecraft:oak_sapling":5,"minecraft:farmland":2,"minecraft:cobblestone_stairs":3,"minecraft:obsidian":34,"minecraft:granite":49,"minecraft:acacia_log":42,"minecraft:grass_block":167,"minecraft:soul_soil":14,"minecraft:composter":3,"minecraft:crimson_fungus":1,"minecraft:spawner":3,"minecraft:chorus_flower":1,"minecraft:weeping_vines_plant":2,"minecraft:raw_iron_block":2,"minecraft:iron_ore":57,"minecraft:fire":62,"minecraft:anvil":1,"minecraft:azure_bluet":3,"minecraft:dirt_path":201,"minecraft:oak_stairs":50,"minecraft:end_stone_bricks":4,"minecraft:cut_sandstone":1,"minecraft:crimson_nylium":43,"minecraft:soul_fire":17,"minecraft:blast_furnace":2,"minecraft:poppy":1,"minecraft:calcite":2,"minecraft:melon":11,"minecraft:chest":4,"minecraft:nether_quartz_ore":14,"minecraft:cobblestone":115,"minecraft:sugar_cane":197,"minecraft:oak_planks":36,"minecraft:iron_door":6,"minecraft:wall_torch":4,"minecraft:amethyst_block":1,"minecraft:deepslate_copper_ore":2,"minecraft:seagrass":6,"minecraft:nether_wart_block":2,"minecraft:wheat":47,"minecraft:stripped_oak_wood":2,"minecraft:oak_log":245,"minecraft:beetroots":6,"minecraft:sand":32,"minecraft:dirt":304,"minecraft:smooth_basalt":3,"minecraft:stonecutter":1,"minecraft:netherrack":1079,"minecraft:oak_leaves":47,"minecraft:deepslate":120,"minecraft:yellow_terracotta":1,"minecraft:nether_gold_ore":181,"minecraft:tuff":9,"minecraft:mossy_cobblestone":12,"minecraft:deepslate_diamond_ore":26,"minecraft:oak_door":2,"minecraft:shulker_box":4,"minecraft:end_stone":292,"minecraft:nether_bricks":15,"minecraft:crimson_roots":10,"minecraft:kelp":1,"minecraft:sandstone":73,"minecraft:hay_block":51,"minecraft:oak_trapdoor":8,"minecraft:furnace":6,"minecraft:carrots":50,"minecraft:chiseled_sandstone":1,"minecraft:andesite":38,"minecraft:gold_block":16,"minecraft:bell":1,"minecraft:nether_brick_fence":1,"minecraft:potatoes":14,"minecraft:deepslate_iron_ore":74,"minecraft:vine":2,"minecraft:stripped_oak_log":64,"minecraft:chorus_plant":7,"minecraft:stone":566,"minecraft:smithing_table":1,"minecraft:acacia_leaves":3,"minecraft:glass_pane":9,"minecraft:soul_sand":35,"minecraft:dandelion":7,"minecraft:crafting_table":27,"minecraft:short_grass":123,"minecraft:tall_grass":4,"minecraft:copper_ore":3,"minecraft:diorite":23,"minecraft:yellow_bed":10,"minecraft:coal_ore":116,"minecraft:end_rod":1,"minecraft:gravel":128,"minecraft:cobweb":6,"minecraft:cracked_stone_bricks":2,"minecraft:stone_bricks":7,"minecraft:mossy_stone_bricks":8},"minecraft:picked_up":{"minecraft:wooden_axe":1,"minecraft:wheat":21,"minecraft:anvil":1,"minecraft:smithing_table":1,"minecraft:oak_stairs":50,"minecraft:potion":11,"minecraft:enchanted_book":6,"minecraft:nether_brick":105,"minecraft:amethyst_block":1,"minecraft:string":70,"minecraft:raw_copper":3,"minecraft:soul_soil":13,"minecraft:beetroot":5,"minecraft:diamond_leggings":3,"minecraft:gold_nugget":728,"minecraft:cobbled_deepslate":115,"minecraft:ender_eye":9,"minecraft:calcite":5,"minecraft:melon_slice":57,"minecraft:furnace":6,"minecraft:iron_boots":3,"minecraft:stick":15,"minecraft:composter":3,"minecraft:torch":17,"minecraft:acacia_log":42,"minecraft:porkchop":59,"minecraft:diorite":22,"minecraft:rotten_flesh":13,"minecraft:end_rod":1,"minecraft:chorus_flower":1,"minecraft:blaze_rod":10,"minecraft:obsidian":61,"minecraft:cobblestone":456,"minecraft:cooked_beef":40,"minecraft:feather":1,"minecraft:iron_door":3,"minecraft:water_bucket":3,"minecraft:andesite":14,"minecraft:potato":36,"minecraft:flint":11,"minecraft:tuff":9,"minecraft:acacia_boat":22,"minecraft:dirt":664,"minecraft:bone":38,"minecraft:stonecutter":1,"minecraft:bow":5,"minecraft:wheat_seeds":99,"minecraft:bell":1,"minecraft:mossy_stone_bricks":1,"minecraft:oak_planks":34,"minecraft:cooked_porkchop":2,"minecraft:sand":28,"minecraft:spectral_arrow":336,"minecraft:shulker_box":4,"minecraft:mossy_cobblestone":12,"minecraft:diamond":26,"minecraft:granite":64,"minecraft:emerald":4,"minecraft:bread":4,"minecraft:oak_sapling":25,"minecraft:netherrack":1052,"minecraft:chorus_fruit":30,"minecraft:crimson_roots":10,"minecraft:diamond_pickaxe":4,"minecraft:end_stone_bricks":4,"minecraft:crafting_table":27,"minecraft:azure_bluet":3,"minecraft:splash_potion":4,"minecraft:chicken":1,"minecraft:gold_block":16,"minecraft:shield":3,"minecraft:oak_trapdoor":8,"minecraft:iron_shovel":3,"minecraft:blackstone":286,"minecraft:beef":40,"minecraft:iron_nugget":147,"minecraft:poppy":6,"minecraft:chest":4,"minecraft:sugar_cane":261,"minecraft:raw_iron":187,"minecraft:sandstone":23,"minecraft:end_stone":370,"minecraft:oak_door":5,"minecraft:fire_charge":16,"minecraft:carrot":151,"minecraft:stone_pressure_plate":1,"minecraft:weeping_vines":1,"minecraft:arrow":23,"minecraft:diamond_chestplate":3,"minecraft:beetroot_seeds":12,"minecraft:nether_bricks":15,"minecraft:diamond_boots":3,"minecraft:hay_block":51,"minecraft:yellow_terracotta":1,"minecraft:gold_ingot":59,"minecraft:mutton":11,"minecraft:white_wool":15,"minecraft:oxeye_daisy":1,"minecraft:stripped_oak_log":63,"minecraft:leather":62,"minecraft:crimson_fungus":2,"minecraft:oak_log":241,"minecraft:nether_wart_block":1,"minecraft:yellow_bed":10,"minecraft:cobblestone_stairs":3,"minecraft:apple":2,"minecraft:stone_bricks":2,"minecraft:kelp":1,"minecraft:iron_ingot":19,"minecraft:stone_pickaxe":1,"minecraft:stripped_oak_wood":2,"minecraft:soul_sand":92,"minecraft:iron_sword":4,"minecraft:book":1,"minecraft:smooth_basalt":3,"minecraft:quartz":84,"minecraft:dandelion":9,"minecraft:raw_iron_block":2,"minecraft:gravel":444,"minecraft:blast_furnace":2,"minecraft:white_bed":19,"minecraft:crying_obsidian":31,"minecraft:dragon_egg":1,"minecraft:spider_eye":2,"minecraft:stone_axe":8,"minecraft:iron_helmet":4,"minecraft:coal":208,"minecraft:ender_pearl":41,"minecraft:shulker_shell":2},"minecraft:crafted":{"minecraft:oak_planks":1024,"minecraft:smooth_stone":3,"minecraft:blaze_powder":20,"minecraft:stone":3,"minecraft:shulker_box":1,"minecraft:cooked_mutton":4,"minecraft:bow":1,"minecraft:diamond_leggings":1,"minecraft:iron_boots":1,"minecraft:chest":6,"minecraft:stone_hoe":2,"minecraft:ender_eye":15,"minecraft:golden_boots":1,"minecraft:smoker":1,"minecraft:emerald":63,"minecraft:cooked_porkchop":17,"minecraft:crafting_table":4,"minecraft:wooden_pickaxe":1,"minecraft:iron_helmet":2,"minecraft:smithing_table":2,"minecraft:fletching_table":5,"minecraft:iron_chestplate":1,"minecraft:diamond_pickaxe":1,"minecraft:shield":1,"minecraft:stick":2080,"minecraft:iron_ingot":98,"minecraft:iron_pickaxe":4,"minecraft:iron_block":3,"minecraft:gold_ingot":225,"minecraft:raw_iron":18,"minecraft:stone_shovel":12,"minecraft:furnace":4,"minecraft:blast_furnace":1,"minecraft:bone_meal":6,"minecraft:flint_and_steel":1,"minecraft:iron_axe":3,"minecraft:stone_pickaxe":6,"minecraft:diamond_boots":1,"minecraft:wheat":225,"minecraft:cooked_beef":40,"minecraft:iron_sword":2,"minecraft:bucket":3,"minecraft:stone_axe":56,"minecraft:acacia_boat":1,"minecraft:bread":61,"minecraft:air":0,"minecraft:white_wool":16,"minecraft:wooden_axe":1,"minecraft:iron_shovel":1,"minecraft:iron_leggings":1,"minecraft:anvil":1,"minecraft:white_bed":8,"minecraft:acacia_planks":168,"minecraft:diamond_chestplate":1},"minecraft:killed":{"minecraft:cave_spider":1,"minecraft:zombified_piglin":1,"minecraft:spider":3,"minecraft:shulker":2,"minecraft:skeleton":27,"minecraft:chicken":1,"minecraft:silverfish":1,"minecraft:piglin":4,"minecraft:pig":10,"minecraft:iron_golem":4,"minecraft:ender_dragon":1,"minecraft:creeper":1,"minecraft:sheep":15,"minecraft:zombie":21,"minecraft:ghast":1,"minecraft:cow":20,"minecraft:blaze":26,"minecraft:hoglin":13,"minecraft:wither_skeleton":10,"minecraft:villager":3,"minecraft:enderman":21}},"DataVersion":3953}