{"stats":{"minecraft:custom":{"minecraft:interact_with_anvil":2,"minecraft:mob_kills":137,"minecraft:interact_with_crafting_table":50,"minecraft:leave_game":1,"minecraft:time_since_death":236886,"minecraft:climb_one_cm":1582,"minecraft:sprint_one_cm":486038,"minecraft:walk_one_cm":673790,"minecraft:damage_blocked_by_shield":710,"minecraft:drop":168,"minecraft:play_time":236886,"minecraft:sneak_time":17662,"minecraft:walk_under_water_one_cm":15524,"minecraft:jump":3117,"minecraft:interact_with_blast_furnace":8,"minecraft:walk_on_water_one_cm":18652,"minecraft:total_world_time":236886,"minecraft:interact_with_furnace":36,"minecraft:sleep_in_bed":4,"minecraft:time_since_rest":1360,"minecraft:damage_taken":3328,"minecraft:damage_dealt":24335,"minecraft:swim_one_cm":6629,"minecraft:fly_one_cm":421206,"minecraft:open_chest":13,"minecraft:crouch_one_cm":44237,"minecraft:interact_with_smoker":7,"minecraft:fall_one_cm":68759},"minecraft:crafted":{"minecraft:smooth_stone":3,"minecraft:oak_planks":4,"minecraft:raw_iron":18,"minecraft:blaze_powder":10,"minecraft:furnace":2,"minecraft:blast_furnace":1,"minecraft:stone":3,"minecraft:cooked_mutton":4,"minecraft:flint_and_steel":1,"minecraft:diamond_leggings":1,"minecraft:iron_boots":1,"minecraft:iron_axe":1,"minecraft:stone_pickaxe":6,"minecraft:chest":1,"minecraft:diamond_boots":1,"minecraft:ender_eye":10,"minecraft:smoker":1,"minecraft:golden_boots":1,"minecraft:cooked_beef":40,"minecraft:cooked_porkchop":17,"minecraft:crafting_table":2,"minecraft:wooden_pickaxe":1,"minecraft:iron_helmet":1,"minecraft:iron_sword":2,"minecraft:bucket":2,"minecraft:stone_axe":1,"minecraft:air":0,"minecraft:iron_chestplate":1,"minecraft:diamond_pickaxe":1,"minecraft:shield":1,"minecraft:stick":36,"minecraft:iron_ingot":92,"minecraft:iron_pickaxe":3,"minecraft:wooden_axe":1,"minecraft:iron_block":3,"minecraft:iron_shovel":1,"minecraft:iron_leggings":1,"minecraft:gold_ingot":225,"minecraft:anvil":1,"minecraft:white_bed":1,"minecraft:acacia_planks":168,"minecraft:diamond_chestplate":1},"minecraft:mined":{"minecraft:yellow_terracotta":1,"minecraft:nether_gold_ore":181,"minecraft:stone_pressure_plate":1,"minecraft:white_bed":4,"minecraft:tuff":9,"minecraft:deepslate_diamond_ore":22,"minecraft:obsidian":29,"minecraft:granite":32,"minecraft:nether_bricks":15,"minecraft:acacia_log":42,"minecraft:grass_block":12,"minecraft:crimson_roots":6,"minecraft:soul_soil":10,"minecraft:crimson_fungus":1,"minecraft:sandstone":12,"minecraft:weeping_vines_plant":2,"minecraft:raw_iron_block":2,"minecraft:furnace":6,"minecraft:iron_ore":53,"minecraft:fire":15,"minecraft:chiseled_sandstone":1,"minecraft:andesite":14,"minecraft:anvil":1,"minecraft:gold_block":16,"minecraft:nether_brick_fence":1,"minecraft:vine":2,"minecraft:deepslate_iron_ore":74,"minecraft:dirt_path":5,"minecraft:stone":302,"minecraft:cut_sandstone":1,"minecraft:acacia_leaves":3,"minecraft:soul_sand":32,"minecraft:soul_fire":17,"minecraft:crimson_nylium":31,"minecraft:crafting_table":24,"minecraft:short_grass":105,"minecraft:blast_furnace":2,"minecraft:calcite":2,"minecraft:melon":11,"minecraft:nether_quartz_ore":14,"minecraft:copper_ore":1,"minecraft:tall_grass":4,"minecraft:cobblestone":6,"minecraft:diorite":20,"minecraft:amethyst_block":1,"minecraft:nether_wart_block":2,"minecraft:oak_log":11,"minecraft:coal_ore":78,"minecraft:gravel":7,"minecraft:dirt":23,"minecraft:smooth_basalt":3,"minecraft:netherrack":1011,"minecraft:deepslate":71},"minecraft:picked_up":{"minecraft:wooden_axe":1,"minecraft:crafting_table":24,"minecraft:splash_potion":3,"minecraft:chicken":1,"minecraft:anvil":1,"minecraft:potion":7,"minecraft:gold_block":16,"minecraft:enchanted_book":2,"minecraft:nether_brick":90,"minecraft:amethyst_block":1,"minecraft:string":60,"minecraft:soul_soil":9,"minecraft:raw_copper":3,"minecraft:blackstone":277,"minecraft:gold_nugget":728,"minecraft:cobbled_deepslate":66,"minecraft:beef":40,"minecraft:ender_eye":6,"minecraft:calcite":5,"minecraft:iron_nugget":105,"minecraft:melon_slice":56,"minecraft:iron_boots":2,"minecraft:furnace":6,"minecraft:sandstone":9,"minecraft:stick":5,"minecraft:raw_iron":183,"minecraft:acacia_log":42,"minecraft:fire_charge":16,"minecraft:porkchop":48,"minecraft:diorite":20,"minecraft:carrot":1,"minecraft:weeping_vines":1,"minecraft:arrow":14,"minecraft:rotten_flesh":10,"minecraft:nether_bricks":15,"minecraft:yellow_terracotta":1,"minecraft:gold_ingot":50,"minecraft:blaze_rod":10,"minecraft:obsidian":54,"minecraft:mutton":11,"minecraft:white_wool":15,"minecraft:cobblestone":307,"minecraft:feather":1,"minecraft:andesite":14,"minecraft:leather":61,"minecraft:flint":1,"minecraft:crimson_fungus":2,"minecraft:tuff":9,"minecraft:oak_log":11,"minecraft:nether_wart_block":1,"minecraft:dirt":39,"minecraft:bone":34,"minecraft:bow":1,"minecraft:wheat_seeds":12,"minecraft:iron_ingot":2,"minecraft:stone_pickaxe":1,"minecraft:soul_sand":76,"minecraft:smooth_basalt":3,"minecraft:cooked_porkchop":2,"minecraft:quartz":73,"minecraft:raw_iron_block":2,"minecraft:gravel":273,"minecraft:blast_furnace":2,"minecraft:white_bed":4,"minecraft:crying_obsidian":27,"minecraft:spectral_arrow":76,"minecraft:spider_eye":2,"minecraft:diamond":22,"minecraft:granite":64,"minecraft:netherrack":931,"minecraft:coal":171,"minecraft:crimson_roots":4,"minecraft:ender_pearl":14,"minecraft:diamond_pickaxe":1},"minecraft:broken":{"minecraft:stone_pickaxe":3,"minecraft:stone_axe":1,"minecraft:iron_sword":1,"minecraft:iron_pickaxe":3},"minecraft:dropped":{"minecraft:enchanted_book":1,"minecraft:soul_sand":52,"minecraft:porkchop":26,"minecraft:wheat_seeds":12,"minecraft:weeping_vines":1,"minecraft:cobblestone":43,"minecraft:amethyst_block":1,"minecraft:leather":26,"minecraft:granite":64,"minecraft:coal":4,"minecraft:stick":9,"minecraft:dirt":5,"minecraft:diorite":20,"minecraft:mutton":1,"minecraft:crimson_roots":1,"minecraft:wooden_axe":2,"minecraft:nether_wart_block":1,"minecraft:potion":5,"minecraft:fire_charge":16,"minecraft:iron_leggings":1,"minecraft:gold_nugget":2,"minecraft:white_wool":1,"minecraft:bucket":1,"minecraft:smooth_basalt":3,"minecraft:gold_ingot":260,"minecraft:bone":18,"minecraft:gravel":267,"minecraft:crimson_fungus":2,"minecraft:blackstone":273,"minecraft:soul_soil":1,"minecraft:iron_nugget":2,"minecraft:raw_copper":3,"minecraft:cobbled_deepslate":2,"minecraft:nether_brick":90,"minecraft:tuff":9,"minecraft:obsidian":10,"minecraft:rotten_flesh":10,"minecraft:iron_boots":2,"minecraft:nether_bricks":15,"minecraft:carrot":1,"minecraft:diamond_pickaxe":1,"minecraft:iron_chestplate":1,"minecraft:andesite":14,"minecraft:spider_eye":2,"minecraft:wooden_pickaxe":1,"minecraft:stone_pickaxe":4,"minecraft:calcite":5,"minecraft:quartz":64,"minecraft:netherrack":66},"minecraft:killed":{"minecraft:cave_spider":1,"minecraft:zombified_piglin":1,"minecraft:spider":1,"minecraft:skeleton":21,"minecraft:chicken":1,"minecraft:piglin":4,"minecraft:pig":10,"minecraft:hoglin":10,"minecraft:creeper":1,"minecraft:sheep":15,"minecraft:zombie":13,"minecraft:ghast":1,"minecraft:wither_skeleton":10,"minecraft:blaze":26,"minecraft:cow":20},"minecraft:used":{"minecraft:iron_shovel":13,"minecraft:flint_and_steel":5,"minecraft:chest":1,"minecraft:shield":23,"minecraft:iron_sword":263,"minecraft:netherrack":542,"minecraft:dirt":9,"minecraft:anvil":1,"minecraft:obsidian":38,"minecraft:wooden_axe":2,"minecraft:lava_bucket":4,"minecraft:iron_axe":139,"minecraft:bow":4,"minecraft:soul_soil":2,"minecraft:furnace":6,"minecraft:cooked_beef":16,"minecraft:golden_boots":3,"minecraft:cooked_mutton":4,"minecraft:water_bucket":6,"minecraft:diamond_boots":2,"minecraft:stone_pickaxe":485,"minecraft:blackstone":17,"minecraft:wooden_pickaxe":15,"minecraft:glow_berries":9,"minecraft:yellow_terracotta":1,"minecraft:crafting_table":25,"minecraft:blast_furnace":3,"minecraft:white_bed":4,"minecraft:smoker":1,"minecraft:ender_eye":7,"minecraft:diamond_pickaxe":772,"minecraft:melon_slice":19,"minecraft:string":1,"minecraft:iron_pickaxe":750,"minecraft:gravel":6,"minecraft:stone_axe":94,"minecraft:cobblestone":224,"minecraft:cooked_porkchop":19,"minecraft:bucket":11,"minecraft:diamond_leggings":1,"minecraft:splash_potion":1}},"DataVersion":3953}