{"stats":{"minecraft:custom":{"minecraft:interact_with_furnace":36,"minecraft:mob_kills":36,"minecraft:interact_with_crafting_table":29,"minecraft:time_since_death":80742,"minecraft:sleep_in_bed":1,"minecraft:time_since_rest":21713,"minecraft:sprint_one_cm":153492,"minecraft:damage_taken":691,"minecraft:walk_one_cm":211865,"minecraft:damage_blocked_by_shield":155,"minecraft:drop":26,"minecraft:damage_dealt":6092,"minecraft:swim_one_cm":1229,"minecraft:fly_one_cm":75993,"minecraft:crouch_one_cm":14237,"minecraft:play_time":80742,"minecraft:sneak_time":7964,"minecraft:walk_under_water_one_cm":13218,"minecraft:jump":957,"minecraft:interact_with_blast_furnace":4,"minecraft:walk_on_water_one_cm":15793,"minecraft:total_world_time":80742,"minecraft:fall_one_cm":14057},"minecraft:crafted":{"minecraft:cooked_beef":6,"minecraft:smooth_stone":3,"minecraft:raw_iron":18,"minecraft:cooked_porkchop":8,"minecraft:crafting_table":1,"minecraft:wooden_pickaxe":1,"minecraft:iron_helmet":1,"minecraft:iron_sword":1,"minecraft:furnace":2,"minecraft:blast_furnace":1,"minecraft:stone":3,"minecraft:bucket":2,"minecraft:stone_axe":1,"minecraft:cooked_mutton":4,"minecraft:air":0,"minecraft:flint_and_steel":1,"minecraft:diamond_leggings":1,"minecraft:iron_boots":1,"minecraft:iron_chestplate":1,"minecraft:diamond_pickaxe":1,"minecraft:shield":1,"minecraft:stick":28,"minecraft:iron_ingot":62,"minecraft:iron_pickaxe":2,"minecraft:stone_pickaxe":6,"minecraft:wooden_axe":1,"minecraft:diamond_boots":1,"minecraft:iron_leggings":1,"minecraft:white_bed":1,"minecraft:acacia_planks":128,"minecraft:diamond_chestplate":1},"minecraft:mined":{"minecraft:tuff":9,"minecraft:acacia_leaves":2,"minecraft:white_bed":1,"minecraft:deepslate_diamond_ore":22,"minecraft:soul_fire":2,"minecraft:obsidian":19,"minecraft:crafting_table":12,"minecraft:granite":32,"minecraft:short_grass":98,"minecraft:blast_furnace":1,"minecraft:acacia_log":32,"minecraft:calcite":2,"minecraft:grass_block":4,"minecraft:soul_soil":2,"minecraft:cobblestone":6,"minecraft:tall_grass":3,"minecraft:copper_ore":1,"minecraft:diorite":20,"minecraft:amethyst_block":1,"minecraft:raw_iron_block":2,"minecraft:furnace":6,"minecraft:iron_ore":53,"minecraft:andesite":14,"minecraft:oak_log":6,"minecraft:coal_ore":78,"minecraft:deepslate_iron_ore":74,"minecraft:gravel":7,"minecraft:dirt":23,"minecraft:smooth_basalt":3,"minecraft:stone":302,"minecraft:deepslate":71},"minecraft:picked_up":{"minecraft:wooden_axe":1,"minecraft:crafting_table":12,"minecraft:andesite":14,"minecraft:leather":7,"minecraft:flint":1,"minecraft:tuff":9,"minecraft:oak_log":6,"minecraft:amethyst_block":1,"minecraft:dirt":27,"minecraft:soul_soil":2,"minecraft:raw_copper":3,"minecraft:bone":8,"minecraft:bow":1,"minecraft:wheat_seeds":9,"minecraft:cobbled_deepslate":66,"minecraft:iron_ingot":2,"minecraft:beef":6,"minecraft:stone_pickaxe":1,"minecraft:calcite":5,"minecraft:furnace":6,"minecraft:raw_iron":183,"minecraft:smooth_basalt":3,"minecraft:gravel":6,"minecraft:acacia_log":32,"minecraft:raw_iron_block":2,"minecraft:porkchop":13,"minecraft:blast_furnace":1,"minecraft:diorite":20,"minecraft:white_bed":1,"minecraft:carrot":1,"minecraft:spider_eye":2,"minecraft:arrow":6,"minecraft:rotten_flesh":9,"minecraft:diamond":22,"minecraft:granite":64,"minecraft:obsidian":19,"minecraft:mutton":5,"minecraft:coal":167,"minecraft:white_wool":4,"minecraft:cobblestone":307},"minecraft:dropped":{"minecraft:wheat_seeds":9,"minecraft:raw_copper":3,"minecraft:tuff":9,"minecraft:rotten_flesh":9,"minecraft:cobblestone":43,"minecraft:iron_boots":1,"minecraft:leather":7,"minecraft:granite":64,"minecraft:carrot":1,"minecraft:diorite":20,"minecraft:iron_chestplate":1,"minecraft:mutton":1,"minecraft:andesite":14,"minecraft:wooden_axe":2,"minecraft:iron_leggings":1,"minecraft:spider_eye":1,"minecraft:stone_pickaxe":4,"minecraft:wooden_pickaxe":1,"minecraft:white_wool":1},"minecraft:broken":{"minecraft:stone_pickaxe":3},"minecraft:killed":{"minecraft:cave_spider":1,"minecraft:pig":4,"minecraft:spider":1,"minecraft:creeper":1,"minecraft:sheep":4,"minecraft:skeleton":8,"minecraft:zombie":13,"minecraft:cow":4},"minecraft:used":{"minecraft:cooked_mutton":3,"minecraft:water_bucket":6,"minecraft:flint_and_steel":1,"minecraft:stone_pickaxe":485,"minecraft:shield":5,"minecraft:wooden_pickaxe":15,"minecraft:iron_sword":74,"minecraft:dirt":2,"minecraft:crafting_table":12,"minecraft:blast_furnace":1,"minecraft:white_bed":1,"minecraft:obsidian":8,"minecraft:wooden_axe":2,"minecraft:diamond_pickaxe":21,"minecraft:lava_bucket":4,"minecraft:iron_pickaxe":200,"minecraft:gravel":6,"minecraft:stone_axe":78,"minecraft:cobblestone":224,"minecraft:soul_soil":2,"minecraft:cooked_porkchop":1,"minecraft:furnace":6,"minecraft:bucket":11,"minecraft:cooked_beef":6,"minecraft:diamond_leggings":1}},"DataVersion":3953}