{"stats":{"minecraft:custom":{"minecraft:mob_kills":77,"minecraft:interact_with_crafting_table":36,"minecraft:time_since_death":116742,"minecraft:sprint_one_cm":230099,"minecraft:walk_one_cm":308169,"minecraft:damage_blocked_by_shield":415,"minecraft:drop":33,"minecraft:play_time":116742,"minecraft:sneak_time":11004,"minecraft:walk_under_water_one_cm":13218,"minecraft:jump":1442,"minecraft:interact_with_blast_furnace":7,"minecraft:walk_on_water_one_cm":16057,"minecraft:total_world_time":116742,"minecraft:interact_with_furnace":36,"minecraft:sleep_in_bed":2,"minecraft:time_since_rest":8757,"minecraft:damage_taken":1125,"minecraft:damage_dealt":11149,"minecraft:fly_one_cm":155596,"minecraft:swim_one_cm":1229,"minecraft:open_chest":8,"minecraft:crouch_one_cm":22248,"minecraft:interact_with_smoker":4,"minecraft:fall_one_cm":24694},"minecraft:crafted":{"minecraft:oak_planks":4,"minecraft:smooth_stone":3,"minecraft:raw_iron":18,"minecraft:furnace":2,"minecraft:blast_furnace":1,"minecraft:stone":3,"minecraft:cooked_mutton":4,"minecraft:flint_and_steel":1,"minecraft:diamond_leggings":1,"minecraft:iron_boots":1,"minecraft:iron_axe":1,"minecraft:stone_pickaxe":6,"minecraft:chest":1,"minecraft:diamond_boots":1,"minecraft:golden_boots":1,"minecraft:smoker":1,"minecraft:cooked_beef":6,"minecraft:cooked_porkchop":8,"minecraft:crafting_table":1,"minecraft:wooden_pickaxe":1,"minecraft:iron_helmet":1,"minecraft:iron_sword":1,"minecraft:bucket":2,"minecraft:stone_axe":1,"minecraft:air":0,"minecraft:iron_chestplate":1,"minecraft:diamond_pickaxe":1,"minecraft:shield":1,"minecraft:stick":36,"minecraft:iron_ingot":62,"minecraft:iron_pickaxe":3,"minecraft:wooden_axe":1,"minecraft:gold_ingot":8,"minecraft:iron_leggings":1,"minecraft:white_bed":1,"minecraft:acacia_planks":128,"minecraft:diamond_chestplate":1},"minecraft:mined":{"minecraft:yellow_terracotta":1,"minecraft:nether_gold_ore":19,"minecraft:tuff":9,"minecraft:white_bed":2,"minecraft:deepslate_diamond_ore":22,"minecraft:obsidian":29,"minecraft:granite":32,"minecraft:acacia_log":42,"minecraft:grass_block":4,"minecraft:crimson_roots":4,"minecraft:soul_soil":9,"minecraft:raw_iron_block":2,"minecraft:furnace":6,"minecraft:iron_ore":53,"minecraft:andesite":14,"minecraft:deepslate_iron_ore":74,"minecraft:stone":302,"minecraft:acacia_leaves":3,"minecraft:soul_sand":24,"minecraft:soul_fire":17,"minecraft:crafting_table":13,"minecraft:short_grass":103,"minecraft:blast_furnace":1,"minecraft:calcite":2,"minecraft:melon":11,"minecraft:nether_quartz_ore":9,"minecraft:copper_ore":1,"minecraft:tall_grass":4,"minecraft:cobblestone":6,"minecraft:diorite":20,"minecraft:amethyst_block":1,"minecraft:coal_ore":78,"minecraft:oak_log":11,"minecraft:gravel":7,"minecraft:dirt":23,"minecraft:smooth_basalt":3,"minecraft:netherrack":393,"minecraft:deepslate":71},"minecraft:picked_up":{"minecraft:wooden_axe":1,"minecraft:crafting_table":13,"minecraft:chicken":1,"minecraft:amethyst_block":1,"minecraft:raw_copper":3,"minecraft:soul_soil":9,"minecraft:gold_nugget":79,"minecraft:cobbled_deepslate":66,"minecraft:beef":40,"minecraft:calcite":5,"minecraft:melon_slice":56,"minecraft:furnace":6,"minecraft:raw_iron":183,"minecraft:acacia_log":42,"minecraft:porkchop":22,"minecraft:diorite":20,"minecraft:carrot":1,"minecraft:arrow":13,"minecraft:rotten_flesh":9,"minecraft:yellow_terracotta":1,"minecraft:mutton":11,"minecraft:obsidian":29,"minecraft:white_wool":8,"minecraft:cobblestone":307,"minecraft:feather":1,"minecraft:andesite":14,"minecraft:leather":27,"minecraft:tuff":9,"minecraft:flint":1,"minecraft:oak_log":11,"minecraft:dirt":27,"minecraft:bone":16,"minecraft:bow":1,"minecraft:wheat_seeds":9,"minecraft:stone_pickaxe":1,"minecraft:iron_ingot":2,"minecraft:soul_sand":24,"minecraft:smooth_basalt":3,"minecraft:quartz":9,"minecraft:raw_iron_block":2,"minecraft:gravel":6,"minecraft:blast_furnace":1,"minecraft:white_bed":2,"minecraft:spider_eye":2,"minecraft:diamond":22,"minecraft:granite":64,"minecraft:netherrack":390,"minecraft:coal":167,"minecraft:crimson_roots":3},"minecraft:broken":{"minecraft:stone_pickaxe":3,"minecraft:stone_axe":1,"minecraft:iron_pickaxe":2},"minecraft:dropped":{"minecraft:wheat_seeds":9,"minecraft:cobblestone":43,"minecraft:leather":7,"minecraft:amethyst_block":1,"minecraft:granite":64,"minecraft:diorite":20,"minecraft:mutton":1,"minecraft:wooden_axe":2,"minecraft:iron_leggings":1,"minecraft:white_wool":1,"minecraft:bucket":1,"minecraft:smooth_basalt":3,"minecraft:soul_soil":1,"minecraft:cobbled_deepslate":2,"minecraft:raw_copper":3,"minecraft:tuff":9,"minecraft:rotten_flesh":9,"minecraft:iron_boots":1,"minecraft:carrot":1,"minecraft:iron_chestplate":1,"minecraft:andesite":14,"minecraft:spider_eye":2,"minecraft:wooden_pickaxe":1,"minecraft:stone_pickaxe":4,"minecraft:calcite":5},"minecraft:killed":{"minecraft:cave_spider":1,"minecraft:spider":1,"minecraft:skeleton":15,"minecraft:chicken":1,"minecraft:piglin":4,"minecraft:pig":10,"minecraft:hoglin":1,"minecraft:creeper":1,"minecraft:sheep":8,"minecraft:zombie":13,"minecraft:cow":20},"minecraft:used":{"minecraft:flint_and_steel":3,"minecraft:chest":1,"minecraft:shield":13,"minecraft:iron_sword":105,"minecraft:netherrack":111,"minecraft:dirt":2,"minecraft:obsidian":28,"minecraft:wooden_axe":2,"minecraft:lava_bucket":4,"minecraft:iron_axe":53,"minecraft:soul_soil":2,"minecraft:furnace":6,"minecraft:cooked_beef":6,"minecraft:golden_boots":1,"minecraft:cooked_mutton":4,"minecraft:water_bucket":6,"minecraft:diamond_boots":1,"minecraft:stone_pickaxe":485,"minecraft:wooden_pickaxe":15,"minecraft:glow_berries":9,"minecraft:yellow_terracotta":1,"minecraft:crafting_table":14,"minecraft:blast_furnace":2,"minecraft:white_bed":2,"minecraft:smoker":1,"minecraft:diamond_pickaxe":156,"minecraft:melon_slice":2,"minecraft:iron_pickaxe":500,"minecraft:gravel":6,"minecraft:stone_axe":94,"minecraft:cobblestone":224,"minecraft:cooked_porkchop":6,"minecraft:bucket":11,"minecraft:diamond_leggings":1}},"DataVersion":3953}